[{
    "model": "auth.user",
    "pk": 1,
    "fields": {
        "password": "pbkdf2_sha256$180000$e5MsB4xCFciT$bJdbtMtIqoHZPANeXJ3rf6KScugPnnSx40/9ibhniF0=",
        "last_login": "2022-02-23T13:49:57.512Z",
        "is_superuser": true,
        "username": "florence",
        "first_name": "",
        "last_name": "",
        "email": "mezino.florence@gmail.com",
        "is_staff": true,
        "is_active": true,
        "date_joined": "2022-02-06T18:16:08.832Z",
        "groups": [],
        "user_permissions": []
    }
}, {
    "model": "auth.user",
    "pk": 2,
    "fields": {
        "password": "pbkdf2_sha256$180000$3wYX5J35QYOU$ic+BddvKL0SQyvpHekJCqNxsal1tIq7Gqb0N1nTNkyA=",
        "last_login": "2022-02-23T13:53:12.666Z",
        "is_superuser": false,
        "username": "test",
        "first_name": "",
        "last_name": "",
        "email": "hello@hello.com",
        "is_staff": false,
        "is_active": true,
        "date_joined": "2022-02-22T20:39:09.013Z",
        "groups": [],
        "user_permissions": []
    }
}, {
    "model": "sessions.session",
    "pk": "0im1dlls6oib0l1wav4hxcpeht34wpt9",
    "fields": {
        "session_data": "OTNhMTkwNzI1NmM0YmMyY2U2ODE5ZmRmMzFiN2Y0MzllNGQ4ZDFhNzp7InNhdmVfaW5mbyI6dHJ1ZSwiX2F1dGhfdXNlcl9pZCI6IjEiLCJfYXV0aF91c2VyX2JhY2tlbmQiOiJkamFuZ28uY29udHJpYi5hdXRoLmJhY2tlbmRzLk1vZGVsQmFja2VuZCIsIl9hdXRoX3VzZXJfaGFzaCI6Ijg1NGM5ZTNiNWRkZTk5NmFmYzY3YWRmMmM2ZDJjZmJiZDU3YTUwYWEiLCJfc2Vzc2lvbl9leHBpcnkiOjAsImJhZyI6eyIzIjoxLCIyIjoxLCIzNiI6MX19",
        "expire_date": "2022-03-07T23:52:13.079Z"
    }
}, {
    "model": "sessions.session",
    "pk": "0pf2fkk4zgdrddt4kw8pos6d7hooyn2b",
    "fields": {
        "session_data": "Y2QyNjAyM2I2MjFkNDg0NTM1OWE3NWRiYWFkYmUzMDVlNjkxMmQ5Yzp7Il9hdXRoX3VzZXJfaWQiOiIyIiwiX2F1dGhfdXNlcl9iYWNrZW5kIjoiZGphbmdvLmNvbnRyaWIuYXV0aC5iYWNrZW5kcy5Nb2RlbEJhY2tlbmQiLCJfYXV0aF91c2VyX2hhc2giOiJiNWViZGJjZGEwNzZjYjhkMjAyM2JkNTgyYzNkZGM4ZjlkN2RlODg0IiwiX3Nlc3Npb25fZXhwaXJ5IjowfQ==",
        "expire_date": "2022-03-09T13:53:39.194Z"
    }
}, {
    "model": "sessions.session",
    "pk": "2kw5fno8lm4v2w7e17lgffdd6vkj7frq",
    "fields": {
        "session_data": "eyJiYWciOnsiMyI6MX19:1nL5Hl:jX5NSroWcsOwCew-Qo-e19ajU9NSqD1INP38TO7KDjM",
        "expire_date": "2022-03-04T15:35:05.993Z"
    }
}, {
    "model": "sessions.session",
    "pk": "7udi7m9va9iap21oq0edkwkq2ie3ubyi",
    "fields": {
        "session_data": ".eJyrVkpKTFeyqlYyUrIy0lEyUbIy1FEyBrMNwWxDKGUKFjOygCkwrK0FAIeNDHc:1nLWnr:C2Yv3dY4PoZwAMU0e_dzRk1X8Tf1aw_PLyoMw01YK9I",
        "expire_date": "2022-03-05T20:58:03.289Z"
    }
}, {
    "model": "sessions.session",
    "pk": "8kyug5gb928jazh2axh3l10y5wpmj3kt",
    "fields": {
        "session_data": "NzBhMTI3ODIwZTQxNDlmNGU5MDdmOGEyM2ZlMmUyMDM2MjBiN2MyMDp7ImJhZyI6eyIzIjoxfX0=",
        "expire_date": "2022-03-06T16:40:29.643Z"
    }
}, {
    "model": "sessions.session",
    "pk": "9lcmwo1zhecm81btlpes4dmorpjtafmw",
    "fields": {
        "session_data": ".eJxVjDsOgzAQRO-yNbJYjM2aMj1nsNb2GkgikPhUiLsnSDQ0U8x7MwcE7qE9ABtosYArzwI879vg91UWPyZoAeHRBY4fmS6Q3jz1s4rztC1jUJeibrqqbk7yfd3u42DgdfivDeYGU1NqMUTOSEBjSWuuS7K6ipScy7kO4jKitsRWh1wRCwmLkUhw_gBRcDy5:1nLZsz:eP1OB_xJhPARh_ZM_JkM9OPaSPOCtTYsBz_wEUbHdeA",
        "expire_date": "2022-03-06T00:15:33.626Z"
    }
}, {
    "model": "sessions.session",
    "pk": "akt6vss5sd6sdfawp56wkvabk2f2a3o7",
    "fields": {
        "session_data": ".eJxVjEEOwiAQRe_C2pBOp9DBpXvPQAYYpGpoUtqV8e7apAvd_vfefynP21r81mTxU1JnBer0uwWOD6k7SHeut1nHua7LFPSu6IM2fZ2TPC-H-3dQuJVvbSCPkMYOxRA5IwGMJUQeOrLYR0rO5TwEcRkALbHFkHtiIWExEkm9P8MZN8Q:1nIs88:aBI9ISUK-XzwNU-PGzWuwONoBoEBy99dFkw4HSzH7nY",
        "expire_date": "2022-02-26T13:08:00.870Z"
    }
}, {
    "model": "sessions.session",
    "pk": "dmsu88vnlywat9bcvmqmgtqu4wv8wjnp",
    "fields": {
        "session_data": ".eJxVjM0OgyAQhN9lz4YICC4ce-8zmAUW7U808edkfPdi46G9zCTzzcwOHW3r0G0Lz90jgQcJ1W8WKL54PEF60thPIk7jOj-COCvioou4T4nft6v7dzDQMpS1kbmVqa01G0RnOEhjUWtqarRaRUzO5dwEdllKbZGsDlkhMTKx4YjlNFAPfgcNXlXQfFWBNxXIGrwsVvQ4Pt_NP9w:1nK3z6:FOWxb6z6DcgFMLr9D6r7R5nLd71uU0qPN7anFkJeRJI",
        "expire_date": "2022-03-01T19:59:36.199Z"
    }
}, {
    "model": "sessions.session",
    "pk": "e72z6tw1hnqtsk8yk1okvafxy6wg0bi3",
    "fields": {
        "session_data": "Njk3MGIyODdjNmM4ZjJmOTJkZDE0MTQyOWQwMjEwNzk0ZjEyNmYwYTp7Il9hdXRoX3VzZXJfaWQiOiIxIiwiX2F1dGhfdXNlcl9iYWNrZW5kIjoiZGphbmdvLmNvbnRyaWIuYXV0aC5iYWNrZW5kcy5Nb2RlbEJhY2tlbmQiLCJfYXV0aF91c2VyX2hhc2giOiI4NTRjOWUzYjVkZGU5OTZhZmM2N2FkZjJjNmQyY2ZiYmQ1N2E1MGFhIiwiX3Nlc3Npb25fZXhwaXJ5IjowLCJiYWciOnsiOCI6MSwiNCI6MX19",
        "expire_date": "2022-03-08T00:03:49.301Z"
    }
}, {
    "model": "sessions.session",
    "pk": "hjdb5ggq8dmbkehm3hao1ujm8ghl3w9d",
    "fields": {
        "session_data": "eyJiYWciOnsiMiI6NCwiMSI6MSwiMSI6Mn19:1nLSno:1186KTr8nUjOPJ8SCW2Cx5zkEhxiMvQ0OCGBlBRdWnE",
        "expire_date": "2022-03-05T16:41:44.268Z"
    }
}, {
    "model": "sessions.session",
    "pk": "lpi7omo39q9hznaceor3awzf1czecpia",
    "fields": {
        "session_data": ".eJxVjMEOwiAQBf-FsyGlFLr06N1vIAssFjVgoE00xn_XJj3o9c28eTGL6zLbtVG1KbCJCXb43Rz6K-UNhAvmc-G-5KUmxzeF77TxUwl0O-7uX2DGNn_fSsRRhLGTpACMIieUBilx6EDL3kMwJsbBkYlCSA2opYs9IAEhKfKwRRu1lkq29Lin-mRT9_4AaL8_AQ:1nGmlQ:D4blVKbpR_MS6WHP3j1cqoKNErBHNBtRYKXO3fKJr20",
        "expire_date": "2022-02-20T18:59:56.612Z"
    }
}, {
    "model": "sessions.session",
    "pk": "lxpn26bv38o0foo05ilnqp1gfikdo4w2",
    "fields": {
        "session_data": "ZDNmMmY2NTQzOGRmZjhmZWIzZTgwZmQwNDE2NjQ0MzkzZWY1NGM2OTp7Il9hdXRoX3VzZXJfaWQiOiIxIiwiX2F1dGhfdXNlcl9iYWNrZW5kIjoiZGphbmdvLmNvbnRyaWIuYXV0aC5iYWNrZW5kcy5Nb2RlbEJhY2tlbmQiLCJfYXV0aF91c2VyX2hhc2giOiI4NTRjOWUzYjVkZGU5OTZhZmM2N2FkZjJjNmQyY2ZiYmQ1N2E1MGFhIiwiX3Nlc3Npb25fZXhwaXJ5IjowLCJzYXZlX2luZm8iOnRydWUsImJhZyI6eyIyNiI6MX19",
        "expire_date": "2022-03-08T01:25:32.470Z"
    }
}, {
    "model": "sessions.session",
    "pk": "mp769p2d1facjsgp8jzfi95k6bj0w3fy",
    "fields": {
        "session_data": "OTBjMWIxOGY2YTY0NGRiNDYxYWUzZmY4Nzg1MmExMmYxYWI3YzE1Nzp7ImJhZyI6eyIxMiI6MX19",
        "expire_date": "2022-03-08T00:26:47.947Z"
    }
}, {
    "model": "sessions.session",
    "pk": "pvbyyygvmsozvrlt41nzh2ji88uajzb7",
    "fields": {
        "session_data": "NDg1MDQ5MGM1ODJlMTdlZDg3NzIxOTRlN2RiM2M4YWIxOTYxNmQ3NTp7Il9hdXRoX3VzZXJfaWQiOiIxIiwiX2F1dGhfdXNlcl9iYWNrZW5kIjoiZGphbmdvLmNvbnRyaWIuYXV0aC5iYWNrZW5kcy5Nb2RlbEJhY2tlbmQiLCJfYXV0aF91c2VyX2hhc2giOiI4NTRjOWUzYjVkZGU5OTZhZmM2N2FkZjJjNmQyY2ZiYmQ1N2E1MGFhIiwiX3Nlc3Npb25fZXhwaXJ5IjowfQ==",
        "expire_date": "2022-03-07T21:57:57.118Z"
    }
}, {
    "model": "sessions.session",
    "pk": "tt6jrd4w916oho70y0194ac2q6lfq70b",
    "fields": {
        "session_data": ".eJxVjEEOwiAQRe_C2pBOp9DBpXvPQAYYpGpoUtqV8e7apAvd_vfefynP21r81mTxU1JnBer0uwWOD6k7SHeut1nHua7LFPSu6IM2fZ2TPC-H-3dQuJVvbSCPkMYOxRA5IwGMJUQeOrLYR0rO5TwEcRkALbHFkHtiIWExEkm9P8MZN8Q:1nJEZQ:Hooi6daIM9tnmWNI65161ZTSQnG84Gemn7sib3ywXaA",
        "expire_date": "2022-02-27T13:05:40.066Z"
    }
}, {
    "model": "sessions.session",
    "pk": "x5jksvxel2onob8d1j5exrhvnl7o57bm",
    "fields": {
        "session_data": "ZTQ5OWJiMjFiNDhiZWE0MjkzYzliYmMzNzBhNzBkMTNmY2QxNTY0Zjp7Il9hdXRoX3VzZXJfaWQiOiIxIiwiX2F1dGhfdXNlcl9iYWNrZW5kIjoiZGphbmdvLmNvbnRyaWIuYXV0aC5iYWNrZW5kcy5Nb2RlbEJhY2tlbmQiLCJfYXV0aF91c2VyX2hhc2giOiI4NTRjOWUzYjVkZGU5OTZhZmM2N2FkZjJjNmQyY2ZiYmQ1N2E1MGFhIiwiX3Nlc3Npb25fZXhwaXJ5IjowLCJzYXZlX2luZm8iOnRydWUsImJhZyI6eyIxMSI6MSwiNCI6MX19",
        "expire_date": "2022-03-07T22:30:06.607Z"
    }
}, {
    "model": "sessions.session",
    "pk": "xjj7l4sm575ht9n8scrizkac4h6orcf1",
    "fields": {
        "session_data": "MzYyMzAwOTFjZjVmZmY4ZTlhMjI4YmJlMTMxODZmZWY2OTY0MjRkYTp7InNhdmVfaW5mbyI6dHJ1ZSwiX2F1dGhfdXNlcl9pZCI6IjEiLCJfYXV0aF91c2VyX2JhY2tlbmQiOiJkamFuZ28uY29udHJpYi5hdXRoLmJhY2tlbmRzLk1vZGVsQmFja2VuZCIsIl9hdXRoX3VzZXJfaGFzaCI6Ijg1NGM5ZTNiNWRkZTk5NmFmYzY3YWRmMmM2ZDJjZmJiZDU3YTUwYWEifQ==",
        "expire_date": "2022-03-07T21:55:59.366Z"
    }
}, {
    "model": "sessions.session",
    "pk": "yze11pnjp1ljphohuaobo4c7qkxo5vnf",
    "fields": {
        "session_data": ".eJxVjDsOgzAQBe-yNbIwi83aZfqcAa3tNZBEIPGpEHcPSBRJ-2be7NDytvbttsjcDgk8aCh-t8DxLeMF0ovHblJxGtd5COpS1E0X9ZySfB63-xfoeenPt9G50akpUQyRMxK0sYTIdUkWq0jJuZzrIC5rjZbYYsgVsZCwGIl0RgN34HdA8FhABV4fxxdMnzyB:1nL3bC:vuOe5BqBQT3WH0gYHmiSjpUWP4NlrGdiBVPZmPvO0Tk",
        "expire_date": "2022-03-04T13:47:02.691Z"
    }
}, {
    "model": "sessions.session",
    "pk": "zsri5swdfcn1i060uoxo7tw9opnzeab0",
    "fields": {
        "session_data": "NDg1MDQ5MGM1ODJlMTdlZDg3NzIxOTRlN2RiM2M4YWIxOTYxNmQ3NTp7Il9hdXRoX3VzZXJfaWQiOiIxIiwiX2F1dGhfdXNlcl9iYWNrZW5kIjoiZGphbmdvLmNvbnRyaWIuYXV0aC5iYWNrZW5kcy5Nb2RlbEJhY2tlbmQiLCJfYXV0aF91c2VyX2hhc2giOiI4NTRjOWUzYjVkZGU5OTZhZmM2N2FkZjJjNmQyY2ZiYmQ1N2E1MGFhIiwiX3Nlc3Npb25fZXhwaXJ5IjowfQ==",
        "expire_date": "2022-03-07T23:53:16.476Z"
    }
}, {
    "model": "sites.site",
    "pk": 1,
    "fields": {
        "domain": "basic-vits.com",
        "name": "Basic Vits"
    }
}, {
    "model": "account.emailaddress",
    "pk": 1,
    "fields": {
        "user": 1,
        "email": "mezino.florence@gmail.com",
        "verified": false,
        "primary": false
    }
}, {
    "model": "account.emailaddress",
    "pk": 2,
    "fields": {
        "user": 1,
        "email": "florence.mezino@outlook.com",
        "verified": true,
        "primary": true
    }
}, {
    "model": "account.emailaddress",
    "pk": 3,
    "fields": {
        "user": 2,
        "email": "hello@hello.com",
        "verified": true,
        "primary": true
    }
}, {
    "model": "products.category",
    "pk": 1,
    "fields": {
        "name": "vitamins",
        "friendly_name": "Vitamins"
    }
}, {
    "model": "products.category",
    "pk": 2,
    "fields": {
        "name": "minerals",
        "friendly_name": "Minerals"
    }
}, {
    "model": "products.category",
    "pk": 3,
    "fields": {
        "name": "plants",
        "friendly_name": "Plants"
    }
}, {
    "model": "products.category",
    "pk": 4,
    "fields": {
        "name": "specialities",
        "friendly_name": "Specialities"
    }
}, {
    "model": "products.category",
    "pk": 5,
    "fields": {
        "name": "merchandises",
        "friendly_name": "Merchandises"
    }
}, {
    "model": "products.healthgoal",
    "pk": 1,
    "fields": {
        "name": "immunity",
        "friendly_name": "Immunity"
    }
}, {
    "model": "products.healthgoal",
    "pk": 2,
    "fields": {
        "name": "brain",
        "friendly_name": "Brain"
    }
}, {
    "model": "products.healthgoal",
    "pk": 3,
    "fields": {
        "name": "energy",
        "friendly_name": "Energy"
    }
}, {
    "model": "products.healthgoal",
    "pk": 4,
    "fields": {
        "name": "eyes",
        "friendly_name": "Eyes"
    }
}, {
    "model": "products.healthgoal",
    "pk": 5,
    "fields": {
        "name": "sleep",
        "friendly_name": "Sleep"
    }
}, {
    "model": "products.healthgoal",
    "pk": 6,
    "fields": {
        "name": "stress",
        "friendly_name": "Stress"
    }
}, {
    "model": "products.healthgoal",
    "pk": 7,
    "fields": {
        "name": "heart",
        "friendly_name": "Heart"
    }
}, {
    "model": "products.healthgoal",
    "pk": 8,
    "fields": {
        "name": "joints",
        "friendly_name": "Joints"
    }
}, {
    "model": "products.healthgoal",
    "pk": 9,
    "fields": {
        "name": "skin",
        "friendly_name": "Skin"
    }
}, {
    "model": "products.healthgoal",
    "pk": 10,
    "fields": {
        "name": "hair",
        "friendly_name": "Hair"
    }
}, {
    "model": "products.healthgoal",
    "pk": 11,
    "fields": {
        "name": "digestion",
        "friendly_name": "Digestion"
    }
}, {
    "model": "products.healthgoal",
    "pk": 12,
    "fields": {
        "name": "bones",
        "friendly_name": "Bones"
    }
}, {
    "model": "products.healthgoal",
    "pk": 13,
    "fields": {
        "name": "shape",
        "friendly_name": "Shape"
    }
}, {
    "model": "products.package",
    "pk": 2,
    "fields": {
        "name": "men_health",
        "friendly_name": "Men's Health"
    }
}, {
    "model": "products.package",
    "pk": 3,
    "fields": {
        "name": "kids_health",
        "friendly_name": "Kids Health"
    }
}, {
    "model": "products.package",
    "pk": 4,
    "fields": {
        "name": "teens_health",
        "friendly_name": "Teens Health"
    }
}, {
    "model": "products.package",
    "pk": 5,
    "fields": {
        "name": "seniors_health",
        "friendly_name": "Seniors Health"
    }
}, {
    "model": "products.product",
    "pk": 1,
    "fields": {
        "category": 1,
        "package": null,
        "sku": "PV0001",
        "name": "B Complex",
        "description_benefits": "\u2022 Support the nervous system\r\n\u2022 Promote the energy metabolism\r\n\u2022  Help reduce fatigue\r\n\u2022  Contributes to the maintenance of normal hair\r\n\u2022  Beneficial for vegans and vegetarians",
        "quantity": "1 tablet per day",
        "price": "12.00",
        "image": "product_b_complex.png"
    }
}, {
    "model": "products.product",
    "pk": 2,
    "fields": {
        "category": 1,
        "package": null,
        "sku": "PV0002",
        "name": "Vitamin B12",
        "description_benefits": "\u2022 Support cognitive and nervous system health\r\n\u2022 Helps reduce fatigue\r\n\u2022 Highly recommended for vegetarians or vegans",
        "quantity": "1 capsule per day",
        "price": "6.00",
        "image": "product_vitamin_B12.PNG"
    }
}, {
    "model": "products.product",
    "pk": 3,
    "fields": {
        "category": 1,
        "package": null,
        "sku": "PV0003",
        "name": "Vitamin C",
        "description_benefits": "\u2022 Helps maintain a healthy immune system\r\n\u2022 Easy to digest\r\n\u2022 Formulated for absorption",
        "quantity": "1 capsule per day",
        "price": "5.00",
        "image": "product_vitamin_C.PNG"
    }
}, {
    "model": "products.product",
    "pk": 4,
    "fields": {
        "category": 1,
        "package": null,
        "sku": "PV0004",
        "name": "Vitamin D",
        "description_benefits": "\u2022 Supports calcium absorption and bone health\r\n\u2022 Helps regulate immune cells*\r\n\u2022 Easy to digest-immune health",
        "quantity": "1 capsule per day",
        "price": "7.00",
        "image": "product_vitamin_D.PNG"
    }
}, {
    "model": "products.product",
    "pk": 5,
    "fields": {
        "category": 1,
        "package": null,
        "sku": "PV0005",
        "name": "Vegan D",
        "description_benefits": "\u2022 Supports calcium absorption and bone health\r\n\u2022 A vegan source of vitamin D3\r\n\u2022 Helps regulate immune cells\r\n\u2022 Sustainably sourced from algae",
        "quantity": "1 capsule a day",
        "price": "9.00",
        "image": "product_vitamin_VeganD.PNG"
    }
}, {
    "model": "products.product",
    "pk": 6,
    "fields": {
        "category": 2,
        "package": null,
        "sku": "PM0006",
        "name": "Multivitamin + Iron",
        "description_benefits": "\u2022 Contains iron, essential for people who menstruate\r\n\u2022 Fills real dietary gaps\r\n\u2022 Better, not more, ingredients in easily digestible forms\r\n\u2022 Designed with the latest research to be effective",
        "quantity": "1 tablet per day",
        "price": "15.00",
        "image": "product_vitamin_MultivitaminIron.PNG"
    }
}, {
    "model": "products.product",
    "pk": 7,
    "fields": {
        "category": 1,
        "package": null,
        "sku": "PV0007",
        "name": "Multivitamin",
        "description_benefits": "\u2022 Fills real dietary gaps\r\n\u2022 Better, not more, ingredients in easily digestible forms\r\n\u2022 Designed with the latest research to be effective",
        "quantity": "1 tablet per day",
        "price": "15.00",
        "image": "product_vitamin_Multivitamin.PNG"
    }
}, {
    "model": "products.product",
    "pk": 8,
    "fields": {
        "category": 1,
        "package": null,
        "sku": "PV0008",
        "name": "Prenatal",
        "description_benefits": "\u2022 Contains 22 essential nutrients\r\n\u2022 Includes superior forms of nutrients, like methylfolate\r\n\u2022Thoughtful quantities of ingredients like vitamin D3\r\n\u2022Designed for easy digestion\r\n\r\n\u2022Our prenatal vitamin includes 22 (!) essential nutrients for both mom and baby",
        "quantity": "3 tablets per day",
        "price": "19.00",
        "image": "product_vitamin_Prenatal.PNG"
    }
}, {
    "model": "products.product",
    "pk": 9,
    "fields": {
        "category": 1,
        "package": null,
        "sku": "PV0009",
        "name": "K2",
        "description_benefits": "\u2022 Natural and patented MenaQ7\u00ae shape\r\n\u2022 Highly bioavailable\r\n\u2022 Preserves bone health\r\n\u2022 Contributes to normal blood clotting",
        "quantity": "1 tablet per day",
        "price": "15.00",
        "image": "product_vitamin_K2.PNG"
    }
}, {
    "model": "products.product",
    "pk": 10,
    "fields": {
        "category": 2,
        "package": null,
        "sku": "PM0010",
        "name": "Iron",
        "description_benefits": "\u2022 Critical for red blood cell production\r\n\u2022 Formulated with vitamin C for optimal absorption\r\n\u2022 Essential mineral for people who menstruate or are pregnant\r\n\u2022 Vegan friendly",
        "quantity": "1 tablet per day",
        "price": "7.00",
        "image": "product_mineral_iron.PNG"
    }
}, {
    "model": "products.product",
    "pk": 11,
    "fields": {
        "category": 2,
        "package": null,
        "sku": "PM0011",
        "name": "Magnesium",
        "description_benefits": "\u2022 From Irish seawater\r\n\u2022 Includes 72 trace minerals\r\n\u2022 High solubility\r\n\u2022 Essential mineral for over 300 reactions in the body",
        "quantity": "1 tablet per day",
        "price": "5.00",
        "image": "product_mineral_magnesium.PNG"
    }
}, {
    "model": "products.product",
    "pk": 12,
    "fields": {
        "category": 2,
        "package": null,
        "sku": "PM0012",
        "name": "Zinc",
        "description_benefits": "\u2022 Blend of zinc and copper compounds for mineral balance\r\n\u2022 Essential mineral for immune health and digestion*\r\n\u2022 Supports a vegan diet",
        "quantity": "1 tablet per day",
        "price": "7.00",
        "image": "product_mineral_zinc.PNG"
    }
}, {
    "model": "products.product",
    "pk": 13,
    "fields": {
        "category": 2,
        "package": null,
        "sku": "PM0013",
        "name": "Chromium",
        "description_benefits": "\u2022 Highly bioavailable form: Picolinate\r\n\u2022 Optimal dosage of 185 \u00b5g\r\n\u2022 Helps maintain normal blood sugar levels\r\n\u2022 Contributes to the normal metabolism of sugars and fats",
        "quantity": "1 capsule per day",
        "price": "6.00",
        "image": "product_mineral_chromium.PNG"
    }
}, {
    "model": "products.product",
    "pk": 14,
    "fields": {
        "category": 3,
        "package": null,
        "sku": "PP0014",
        "name": "Cranberry",
        "description_benefits": "\u2022 Supports urinary tract health*\r\n\u2022 Sourced in the US and Canada\r\n\u2022 High concentration extract",
        "quantity": "2 tablets per day",
        "price": "9.00",
        "image": "product_plant_Cranberry.PNG"
    }
}, {
    "model": "products.product",
    "pk": 15,
    "fields": {
        "category": 3,
        "package": null,
        "sku": "PP0015",
        "name": "Turmeric",
        "description_benefits": "\u2022 Ayurvedic herb\r\n\u2022 From India & select other countries\r\n\u2022 Full spectrum of the root\r\n\u2022 Gentle, dual extract creates ideal active ingredient balance",
        "quantity": "1 tablet per day",
        "price": "8.00",
        "image": "product_plant_Turmeric.PNG"
    }
}, {
    "model": "products.product",
    "pk": 16,
    "fields": {
        "category": 3,
        "package": null,
        "sku": "PP0016",
        "name": "Shatavari",
        "description_benefits": "\u2022 Ayurvedic, adaptogenic herb\r\n\u2022 Sustainably grown in India\r\n\u2022 Helps with hormonal breakouts*\r\n\u2022 Helps with common symptoms of PMS*",
        "quantity": "1 tablet per day",
        "price": "9.00",
        "image": "product_plant_Shatavari.PNG"
    }
}, {
    "model": "products.product",
    "pk": 17,
    "fields": {
        "category": 3,
        "package": null,
        "sku": "PP0018",
        "name": "Rhodiola",
        "description_benefits": "\u2022 Adaptogenic herb\r\n\u2022 Non-GMO, water, and ethanol extraction\r\n\u2022 A favorite of cosmonauts\r\n\u2022 Supports a healthy response to occasional stress",
        "quantity": "1 tablet per day",
        "price": "11.00",
        "image": "product_plant_Rhodiola.PNG"
    }
}, {
    "model": "products.product",
    "pk": 18,
    "fields": {
        "category": 3,
        "package": null,
        "sku": "PP0017",
        "name": "Milk Thistle",
        "description_benefits": "\u2022 Powerful antioxidant properties\r\n\u2022 Harvested across Europe\r\n\u2022 Gently extracted in Spain\r\n\u2022 Supports healthy liver function",
        "quantity": "2 tablets per day",
        "price": "9.00",
        "image": "product_plant_MilkThistle.PNG"
    }
}, {
    "model": "products.product",
    "pk": 19,
    "fields": {
        "category": 3,
        "package": null,
        "sku": "PP0019",
        "name": "Garlic",
        "description_benefits": "\u2022 Garlic oil extract\r\n\u2022 Manufactured in the United States\r\n\u2022 Garlic has antioxidant properties that help the immune system",
        "quantity": "1 tablet per day",
        "price": "8.00",
        "image": "product_plant_Garlic.PNG"
    }
}, {
    "model": "products.product",
    "pk": 20,
    "fields": {
        "category": 3,
        "package": null,
        "sku": "PP0020",
        "name": "Elderberry",
        "description_benefits": "\u2022 Promotes healthy immune function*\r\n\u2022 Powerful antioxidant properties\r\n\u2022 Sourced from European Haschberg elderberries",
        "quantity": "1 tablet per day",
        "price": "8.01",
        "image": "product_plant_Elderberry.PNG"
    }
}, {
    "model": "products.product",
    "pk": 21,
    "fields": {
        "category": 3,
        "package": null,
        "sku": "PP0021",
        "name": "American Ginseng",
        "description_benefits": "\u2022 Adaptogenic herb\r\n\u2022 Traditionally used by Native American tribes\r\n\u2022 Sustainably sourced from small scale farms\r\n\u2022 Supports focus, memory, and mental energy",
        "quantity": "1 tablet per day",
        "price": "9.00",
        "image": "product_plant_American_Ginseng.PNG"
    }
}, {
    "model": "products.product",
    "pk": 24,
    "fields": {
        "category": 3,
        "package": null,
        "sku": "PP0022",
        "name": "Ashwagandha",
        "description_benefits": "\u2022 Helps relieve occasional stress and tension*\r\n\u2022 Supports sexual wellness*\r\n\u2022 Adaptogenic herb\r\n\u2022 Harvested in India",
        "quantity": "3 tablets per day",
        "price": "10.00",
        "image": "product_plant_Ashwagandha.PNG"
    }
}, {
    "model": "products.product",
    "pk": 25,
    "fields": {
        "category": 4,
        "package": null,
        "sku": "PS0023",
        "name": "Veggie Omega",
        "description_benefits": "\u2022 540 mg EPA and DHA\r\n\u2022 Vegan source of omega-3 fatty acids\r\n\u2022 Sustainably sourced\r\n\u2022 Helps maintain a healthy heart",
        "quantity": "2 tablets per day",
        "price": "18.00",
        "image": "product_specialty_VeggieOmega.PNG"
    }
}, {
    "model": "products.product",
    "pk": 26,
    "fields": {
        "category": 4,
        "package": null,
        "sku": "PS0024",
        "name": "Veg. Collagen: Joint",
        "description_benefits": "\u2022 Joint comfort in 7-10 days\r\n\u2022 Promotes joint mobility\r\n\u2022 Promotes healthy cartilage & joint flexibility\r\n\u2022 Sustainably sourced from eggshells",
        "quantity": "3 tablets per day",
        "price": "16.00",
        "image": "product_specialty_Veg.Collagen.Joint.PNG"
    }
}, {
    "model": "products.product",
    "pk": 27,
    "fields": {
        "category": 4,
        "package": null,
        "sku": "PS0025",
        "name": "Veg. Collagen: Skin",
        "description_benefits": "\u2022 Contains collagen and hyaluronic acid\r\n\u2022 Supports skin hydration and elasticity*\r\n\u2022 Helps stimulate hair and nail growth*\r\n\u2022 Made from eggshell membranes",
        "quantity": "3 tablets per day",
        "price": "15.00",
        "image": "product_specialty_Veg.Collagen.Skin.PNG"
    }
}, {
    "model": "products.product",
    "pk": 28,
    "fields": {
        "category": 4,
        "package": null,
        "sku": "PS0026",
        "name": "Keratin",
        "description_benefits": "\u2022 Essential protein for hair, skin, and nails\r\n\u2022 Supports hair fullness and shine*\r\n\u2022 Supports nail strength*\r\n\u2022 Extracted from New Zealand wool",
        "quantity": "1 tablet per day",
        "price": "18.00",
        "image": "product_specialty_Keratin.PNG"
    }
}, {
    "model": "products.product",
    "pk": 29,
    "fields": {
        "category": 4,
        "package": null,
        "sku": "PS0027",
        "name": "Fish Oil",
        "description_benefits": "\u2022 From wild Alaskan salmon\r\n\u2022 Sustainably sourced\r\n\u2022 Cold press extraction for efficacy\r\n\u2022 Supports heart health",
        "quantity": "1 tablet per day",
        "price": "18.00",
        "image": "product_specialty_Fishoil.PNG"
    }
}, {
    "model": "products.product",
    "pk": 30,
    "fields": {
        "category": 4,
        "package": null,
        "sku": "PS0028",
        "name": "Ceramides",
        "description_benefits": "\u2022 Helps reinforce skin\u2019s protective barrier\r\n\u2022 Supports skin hydration and firmness\r\n\u2022 Helps support even skin tone and reduce hyperpigmentation",
        "quantity": "1 tablet per day",
        "price": "14.00",
        "image": "product_specialty_Ceramides.PNG"
    }
}, {
    "model": "products.product",
    "pk": 31,
    "fields": {
        "category": 4,
        "package": null,
        "sku": "PS0029",
        "name": "Astaxanthin",
        "description_benefits": "\u2022 Vegan source of astaxanthin from algae\r\n\u2022 Highest concentration available\r\n\u2022 No harsh chemicals or solvents\r\n\u2022 Supports brain, heart, skin, and eye health*\r\n\u2022 Helps with athletic performance and recovery",
        "quantity": "2 tablets per day",
        "price": "12.00",
        "image": "product_specialty_Astaxanthin.PNG"
    }
}, {
    "model": "products.product",
    "pk": 32,
    "fields": {
        "category": 4,
        "package": null,
        "sku": "PS0030",
        "name": "Adaptogenic Mushrooms",
        "description_benefits": "\u2022 Organic reishi, shiitake, and maitake mushrooms\r\n\u2022 Adaptogenic properties\r\n\u2022 Supports a healthy immune system*\r\n\u2022 Grown deep in the Fengyang mountains in China",
        "quantity": "1 tablet per day",
        "price": "8.00",
        "image": "product_specialty_AdaptogenicMushrooms.PNG"
    }
}, {
    "model": "products.product",
    "pk": 33,
    "fields": {
        "category": 5,
        "package": null,
        "sku": "PME0031",
        "name": "Blender Bottle",
        "description_benefits": "\u2022 Blends your powders into a smooth drink\r\n\u2022 Great for on-the-go\r\n\u2022 Easy to clean\r\n\u2022 Holds 20 oz.",
        "quantity": "1 article",
        "price": "10.00",
        "image": "product_merchandaise_Blenderbottle.PNG"
    }
}, {
    "model": "products.product",
    "pk": 34,
    "fields": {
        "category": 5,
        "package": null,
        "sku": "PME0033",
        "name": "Sport Bottle",
        "description_benefits": "\u2022 Blends your powders into a smooth drink\r\n\u2022 Great for on-the-go\r\n\u2022 Easy to clean\r\n\u2022 Holds 20 oz.",
        "quantity": "1 article",
        "price": "12.00",
        "image": "product_merchandaise_Blenderbottle2.PNG"
    }
}, {
    "model": "products.product",
    "pk": 35,
    "fields": {
        "category": 5,
        "package": null,
        "sku": "PME0032",
        "name": "Travel Tumbler",
        "description_benefits": "\u2022 Great for hot or cold drinks\r\n\u2022 Easy to take on the go\r\n\u2022 BPA free\r\n\u2022 Holds 12 oz.",
        "quantity": "1 article",
        "price": "20.00",
        "image": "product_merchandaise_TravelTumbler.PNG"
    }
}, {
    "model": "products.product",
    "pk": 36,
    "fields": {
        "category": 5,
        "package": null,
        "sku": "PME0034",
        "name": "Hat",
        "description_benefits": "\u2022 Made from corduroy\r\n\u2022 Sun protection is key\r\n\u2022 One-size-fits-all with an adjustable strap",
        "quantity": "1 article",
        "price": "20.00",
        "image": "product_merchandaise_Hat.PNG"
    }
}, {
    "model": "products.product",
    "pk": 37,
    "fields": {
        "category": 5,
        "package": null,
        "sku": "PME0035",
        "name": "S'well bottle",
        "description_benefits": "\u2022 Great for hot or cold drinks\r\n\u2022 Easy to take on-the-go\r\n\u2022 BPA-Free and reusable\r\n\u2022 Holds 17 oz.",
        "quantity": "1 article",
        "price": "14.00",
        "image": "product_merchandaise_Bottle.PNG"
    }
}, {
    "model": "products.product",
    "pk": 38,
    "fields": {
        "category": 5,
        "package": null,
        "sku": "PME0036",
        "name": "Zippered pouch The Carry-all",
        "description_benefits": "\u2022 Easy to take on-the-go\r\n\u2022 Great for storing your vitamin packs (or anything else!)\r\n\u2022 Reusable",
        "quantity": "1 article",
        "price": "15.00",
        "image": "product_merchandaise_Zipperedpouch.PNG"
    }
}, {
    "model": "checkout.order",
    "pk": 4,
    "fields": {
        "order_number": "9BAD599BAB4F464981733A7871108504",
        "user_profile": null,
        "full_name": "beta",
        "email": "beta@email.com",
        "phone_number": "123456",
        "country": "Belgium",
        "postcode": "123456",
        "town_or_city": "Ici",
        "street_address1": "Test 1234",
        "street_address2": null,
        "county": "Ici",
        "date": "2022-02-21T20:13:30.522Z",
        "delivery_cost": "0.00",
        "order_total": "25.00",
        "grand_total": "25.00",
        "original_bag": "",
        "stripe_pid": ""
    }
}, {
    "model": "checkout.order",
    "pk": 5,
    "fields": {
        "order_number": "2D9A8BC2D1F54B149A410077B769F370",
        "user_profile": null,
        "full_name": "Jade Mezino",
        "email": "jade.mezino24@gmail.com",
        "phone_number": "0693823451",
        "country": "Pays-Bas",
        "postcode": "97410",
        "town_or_city": "Saint Pierre",
        "street_address1": "226  chemin Boissy",
        "street_address2": null,
        "county": "Pr\u00e9cisez le d\u00e9partement...",
        "date": "2022-02-21T20:30:03.097Z",
        "delivery_cost": "0.00",
        "order_total": "46.00",
        "grand_total": "46.00",
        "original_bag": "",
        "stripe_pid": ""
    }
}, {
    "model": "checkout.order",
    "pk": 6,
    "fields": {
        "order_number": "A380556F51814A96975BFC355FC4A6BE",
        "user_profile": null,
        "full_name": "hello",
        "email": "hello@hello.com",
        "phone_number": "125563",
        "country": "Andorre",
        "postcode": "dwdw",
        "town_or_city": "ici",
        "street_address1": "feefeaf 5",
        "street_address2": null,
        "county": "wddw",
        "date": "2022-02-21T20:48:13.368Z",
        "delivery_cost": "0.00",
        "order_total": "22.00",
        "grand_total": "22.00",
        "original_bag": "",
        "stripe_pid": ""
    }
}, {
    "model": "checkout.order",
    "pk": 7,
    "fields": {
        "order_number": "CB18FF5F59CC4988A866275E05394C6C",
        "user_profile": null,
        "full_name": "charlie",
        "email": "charlie@email.com",
        "phone_number": "124563",
        "country": "France",
        "postcode": "56216",
        "town_or_city": "paris",
        "street_address1": "eiffel 123",
        "street_address2": null,
        "county": null,
        "date": "2022-02-21T20:57:55.207Z",
        "delivery_cost": "0.00",
        "order_total": "31.00",
        "grand_total": "31.00",
        "original_bag": "",
        "stripe_pid": ""
    }
}, {
    "model": "checkout.order",
    "pk": 8,
    "fields": {
        "order_number": "CDE37DF9897E44ECB28BCBAD1DCB3EFE",
        "user_profile": null,
        "full_name": "hello",
        "email": "hello@hello.com",
        "phone_number": "125563",
        "country": "Andorre",
        "postcode": "dwdw",
        "town_or_city": "ici",
        "street_address1": "feefeaf 5",
        "street_address2": null,
        "county": "wddw",
        "date": "2022-02-21T21:53:50.808Z",
        "delivery_cost": "0.80",
        "order_total": "8.00",
        "grand_total": "8.80",
        "original_bag": "",
        "stripe_pid": ""
    }
}, {
    "model": "checkout.order",
    "pk": 9,
    "fields": {
        "order_number": "6E247974453D4C088FA2413D99780E04",
        "user_profile": null,
        "full_name": "hello",
        "email": "hello@hello.com",
        "phone_number": "125563",
        "country": "Andorre",
        "postcode": "dwdw",
        "town_or_city": "ici",
        "street_address1": "feefeaf 5",
        "street_address2": null,
        "county": "wddw",
        "date": "2022-02-21T21:55:59.321Z",
        "delivery_cost": "0.50",
        "order_total": "5.00",
        "grand_total": "5.50",
        "original_bag": "",
        "stripe_pid": ""
    }
}, {
    "model": "checkout.order",
    "pk": 10,
    "fields": {
        "order_number": "63841B4813C64154BEF2DA2168E7724C",
        "user_profile": null,
        "full_name": "Bryce Mezino",
        "email": "mezino.bryce@gmail.com",
        "phone_number": "0641170081",
        "country": "France",
        "postcode": null,
        "town_or_city": "cij",
        "street_address1": "cihsj12",
        "street_address2": null,
        "county": null,
        "date": "2022-02-21T22:04:09.409Z",
        "delivery_cost": "1.60",
        "order_total": "16.00",
        "grand_total": "17.60",
        "original_bag": "",
        "stripe_pid": ""
    }
}, {
    "model": "checkout.order",
    "pk": 11,
    "fields": {
        "order_number": "53AF8F24EBBB495E81EBEB08AD4C2BDA",
        "user_profile": null,
        "full_name": "hilo",
        "email": "hilo@fkj.com",
        "phone_number": "457",
        "country": "fnlk",
        "postcode": "fk;a",
        "town_or_city": "mlcdls",
        "street_address1": "ml;cal",
        "street_address2": null,
        "county": null,
        "date": "2022-02-21T22:29:40.457Z",
        "delivery_cost": "0.00",
        "order_total": "39.00",
        "grand_total": "39.00",
        "original_bag": "",
        "stripe_pid": ""
    }
}, {
    "model": "checkout.order",
    "pk": 12,
    "fields": {
        "order_number": "6375E6B321E740DE90F737802575379D",
        "user_profile": null,
        "full_name": "Florence Mezino",
        "email": "florence.mezino@outlook.com",
        "phone_number": "+31653129864",
        "country": "Pays-Bas",
        "postcode": "2582VD",
        "town_or_city": "Den Haag",
        "street_address1": "Van beverningkstraat 129 B",
        "street_address2": null,
        "county": "Pr\u00e9cisez le d\u00e9partement...",
        "date": "2022-02-21T22:31:04.381Z",
        "delivery_cost": "0.50",
        "order_total": "5.00",
        "grand_total": "5.50",
        "original_bag": "",
        "stripe_pid": ""
    }
}, {
    "model": "checkout.order",
    "pk": 13,
    "fields": {
        "order_number": "FCEE9B7EACBC4C7CBDDB2B2B478BD169",
        "user_profile": null,
        "full_name": "Bryce Mezino",
        "email": "mezino.bryce@gmail.com",
        "phone_number": "0641170081",
        "country": "France",
        "postcode": null,
        "town_or_city": "ngd",
        "street_address1": "nddbdb",
        "street_address2": null,
        "county": null,
        "date": "2022-02-21T22:32:07.162Z",
        "delivery_cost": "0.70",
        "order_total": "7.00",
        "grand_total": "7.70",
        "original_bag": "",
        "stripe_pid": ""
    }
}, {
    "model": "checkout.order",
    "pk": 14,
    "fields": {
        "order_number": "DA6087B7EFC44042BF5BFAEE3DE38E5C",
        "user_profile": null,
        "full_name": "Jade Mezino",
        "email": "jade.mezino24@gmail.com",
        "phone_number": "0693823451",
        "country": "wgwe",
        "postcode": "97410",
        "town_or_city": "Saint Pierre",
        "street_address1": "226  chemin Boissy",
        "street_address2": null,
        "county": null,
        "date": "2022-02-21T22:35:35.267Z",
        "delivery_cost": "0.00",
        "order_total": "24.00",
        "grand_total": "24.00",
        "original_bag": "",
        "stripe_pid": ""
    }
}, {
    "model": "checkout.order",
    "pk": 15,
    "fields": {
        "order_number": "4C01E652CDAE4CD4BF85AAA428397E0B",
        "user_profile": null,
        "full_name": "Florence Mezino",
        "email": "florence.mezino@outlook.com",
        "phone_number": "+31653129864",
        "country": "FR",
        "postcode": "2582VD",
        "town_or_city": "Den Haag",
        "street_address1": "Van beverningkstraat 129 B",
        "street_address2": null,
        "county": "Pr\u00e9cisez le d\u00e9partement...",
        "date": "2022-02-22T00:55:26.107Z",
        "delivery_cost": "0.70",
        "order_total": "7.00",
        "grand_total": "7.70",
        "original_bag": "{\"10\": 1}",
        "stripe_pid": "pi_3KVmeRLdDa9ZcoTn3hiv36tU"
    }
}, {
    "model": "checkout.order",
    "pk": 16,
    "fields": {
        "order_number": "16971602359E4DDA98AB9B350E23FA53",
        "user_profile": null,
        "full_name": "Florence Mezino",
        "email": "florence.mezino@outlook.com",
        "phone_number": "+31653129864",
        "country": "FR",
        "postcode": "2582VD",
        "town_or_city": "Den Haag",
        "street_address1": "Van beverningkstraat 129 B",
        "street_address2": null,
        "county": "Pr\u00e9cisez le d\u00e9partement...",
        "date": "2022-02-22T01:04:24.157Z",
        "delivery_cost": "0.50",
        "order_total": "5.00",
        "grand_total": "5.50",
        "original_bag": "{\"3\": 1}",
        "stripe_pid": "pi_3KVmnJLdDa9ZcoTn0RJkDJy0"
    }
}, {
    "model": "checkout.order",
    "pk": 17,
    "fields": {
        "order_number": "F8FF9D2D23D54A858E0D700C2F668070",
        "user_profile": 2,
        "full_name": "test",
        "email": "test@test.com",
        "phone_number": "test",
        "country": "AW",
        "postcode": null,
        "town_or_city": "test",
        "street_address1": "test 123",
        "street_address2": null,
        "county": null,
        "date": "2022-02-22T22:09:28.281Z",
        "delivery_cost": "0.00",
        "order_total": "20.00",
        "grand_total": "20.00",
        "original_bag": "{\"3\": 1, \"6\": 1}",
        "stripe_pid": "pi_3KW6WXLdDa9ZcoTn11Ts7vjd"
    }
}, {
    "model": "checkout.order",
    "pk": 18,
    "fields": {
        "order_number": "1C4A77ACCF8D48E0A07007E63D7F33C7",
        "user_profile": 2,
        "full_name": "hello",
        "email": "hello@hello.com",
        "phone_number": "test",
        "country": "AW",
        "postcode": null,
        "town_or_city": "test",
        "street_address1": "test 123",
        "street_address2": null,
        "county": null,
        "date": "2022-02-22T23:00:54.089Z",
        "delivery_cost": "1.90",
        "order_total": "19.00",
        "grand_total": "20.90",
        "original_bag": "{\"1\": 1, \"4\": 1}",
        "stripe_pid": "pi_3KW7LQLdDa9ZcoTn3Kz3pUwh"
    }
}, {
    "model": "checkout.order",
    "pk": 19,
    "fields": {
        "order_number": "D21F0A8038BB4E1788BAB90D91CE2837",
        "user_profile": 1,
        "full_name": "testing confirmation email",
        "email": "test@email.com",
        "phone_number": "feffwF",
        "country": "AD",
        "postcode": null,
        "town_or_city": "fsefwefewf",
        "street_address1": "fwefewfewf",
        "street_address2": null,
        "county": null,
        "date": "2022-02-22T23:47:37.086Z",
        "delivery_cost": "0.00",
        "order_total": "30.00",
        "grand_total": "30.00",
        "original_bag": "{\"10\": 1, \"32\": 1, \"9\": 1}",
        "stripe_pid": "pi_3KW83uLdDa9ZcoTn2hbm2Tin"
    }
}, {
    "model": "checkout.orderlineitem",
    "pk": 7,
    "fields": {
        "order": 4,
        "product": 5,
        "quantity": 2,
        "lineitem_total": "18.00"
    }
}, {
    "model": "checkout.orderlineitem",
    "pk": 8,
    "fields": {
        "order": 4,
        "product": 4,
        "quantity": 1,
        "lineitem_total": "7.00"
    }
}, {
    "model": "checkout.orderlineitem",
    "pk": 9,
    "fields": {
        "order": 5,
        "product": 2,
        "quantity": 3,
        "lineitem_total": "18.00"
    }
}, {
    "model": "checkout.orderlineitem",
    "pk": 10,
    "fields": {
        "order": 5,
        "product": 4,
        "quantity": 4,
        "lineitem_total": "28.00"
    }
}, {
    "model": "checkout.orderlineitem",
    "pk": 11,
    "fields": {
        "order": 6,
        "product": 27,
        "quantity": 1,
        "lineitem_total": "15.00"
    }
}, {
    "model": "checkout.orderlineitem",
    "pk": 12,
    "fields": {
        "order": 6,
        "product": 4,
        "quantity": 1,
        "lineitem_total": "7.00"
    }
}, {
    "model": "checkout.orderlineitem",
    "pk": 13,
    "fields": {
        "order": 7,
        "product": 31,
        "quantity": 2,
        "lineitem_total": "24.00"
    }
}, {
    "model": "checkout.orderlineitem",
    "pk": 14,
    "fields": {
        "order": 7,
        "product": 10,
        "quantity": 1,
        "lineitem_total": "7.00"
    }
}, {
    "model": "checkout.orderlineitem",
    "pk": 15,
    "fields": {
        "order": 8,
        "product": 19,
        "quantity": 1,
        "lineitem_total": "8.00"
    }
}, {
    "model": "checkout.orderlineitem",
    "pk": 16,
    "fields": {
        "order": 9,
        "product": 3,
        "quantity": 1,
        "lineitem_total": "5.00"
    }
}, {
    "model": "checkout.orderlineitem",
    "pk": 17,
    "fields": {
        "order": 10,
        "product": 26,
        "quantity": 1,
        "lineitem_total": "16.00"
    }
}, {
    "model": "checkout.orderlineitem",
    "pk": 18,
    "fields": {
        "order": 11,
        "product": 8,
        "quantity": 1,
        "lineitem_total": "19.00"
    }
}, {
    "model": "checkout.orderlineitem",
    "pk": 19,
    "fields": {
        "order": 11,
        "product": 36,
        "quantity": 1,
        "lineitem_total": "20.00"
    }
}, {
    "model": "checkout.orderlineitem",
    "pk": 20,
    "fields": {
        "order": 12,
        "product": 11,
        "quantity": 1,
        "lineitem_total": "5.00"
    }
}, {
    "model": "checkout.orderlineitem",
    "pk": 21,
    "fields": {
        "order": 13,
        "product": 4,
        "quantity": 1,
        "lineitem_total": "7.00"
    }
}, {
    "model": "checkout.orderlineitem",
    "pk": 22,
    "fields": {
        "order": 14,
        "product": 31,
        "quantity": 1,
        "lineitem_total": "12.00"
    }
}, {
    "model": "checkout.orderlineitem",
    "pk": 23,
    "fields": {
        "order": 14,
        "product": 4,
        "quantity": 1,
        "lineitem_total": "7.00"
    }
}, {
    "model": "checkout.orderlineitem",
    "pk": 24,
    "fields": {
        "order": 14,
        "product": 11,
        "quantity": 1,
        "lineitem_total": "5.00"
    }
}, {
    "model": "checkout.orderlineitem",
    "pk": 25,
    "fields": {
        "order": 15,
        "product": 10,
        "quantity": 1,
        "lineitem_total": "7.00"
    }
}, {
    "model": "checkout.orderlineitem",
    "pk": 26,
    "fields": {
        "order": 16,
        "product": 3,
        "quantity": 1,
        "lineitem_total": "5.00"
    }
}, {
    "model": "checkout.orderlineitem",
    "pk": 27,
    "fields": {
        "order": 17,
        "product": 3,
        "quantity": 1,
        "lineitem_total": "5.00"
    }
}, {
    "model": "checkout.orderlineitem",
    "pk": 28,
    "fields": {
        "order": 17,
        "product": 6,
        "quantity": 1,
        "lineitem_total": "15.00"
    }
}, {
    "model": "checkout.orderlineitem",
    "pk": 29,
    "fields": {
        "order": 18,
        "product": 1,
        "quantity": 1,
        "lineitem_total": "12.00"
    }
}, {
    "model": "checkout.orderlineitem",
    "pk": 30,
    "fields": {
        "order": 18,
        "product": 4,
        "quantity": 1,
        "lineitem_total": "7.00"
    }
}, {
    "model": "checkout.orderlineitem",
    "pk": 31,
    "fields": {
        "order": 19,
        "product": 10,
        "quantity": 1,
        "lineitem_total": "7.00"
    }
}, {
    "model": "checkout.orderlineitem",
    "pk": 32,
    "fields": {
        "order": 19,
        "product": 32,
        "quantity": 1,
        "lineitem_total": "8.00"
    }
}, {
    "model": "checkout.orderlineitem",
    "pk": 33,
    "fields": {
        "order": 19,
        "product": 9,
        "quantity": 1,
        "lineitem_total": "15.00"
    }
}, {
    "model": "profiles.userprofile",
    "pk": 1,
    "fields": {
        "user": 1,
        "default_phone_number": "feffwF",
        "default_street_address1": "fwefewfewf",
        "default_street_address2": null,
        "default_town_or_city": "fsefwefewf",
        "default_county": null,
        "default_postcode": null,
        "default_country": "AD"
    }
}, {
    "model": "profiles.userprofile",
    "pk": 2,
    "fields": {
        "user": 2,
        "default_phone_number": "hello",
        "default_street_address1": "test 123",
        "default_street_address2": null,
        "default_town_or_city": "test",
        "default_county": null,
        "default_postcode": null,
        "default_country": "AW"
    }
}, {
    "model": "taggit.tag",
    "pk": 1,
    "fields": {
        "name": "immunity",
        "slug": "immunity"
    }
}, {
    "model": "taggit.tag",
    "pk": 2,
    "fields": {
        "name": "women_package",
        "slug": "women_package"
    }
}, {
    "model": "taggit.tag",
    "pk": 3,
    "fields": {
        "name": "brain",
        "slug": "brain"
    }
}, {
    "model": "taggit.tag",
    "pk": 4,
    "fields": {
        "name": "energy",
        "slug": "energy"
    }
}, {
    "model": "taggit.tag",
    "pk": 5,
    "fields": {
        "name": "stress",
        "slug": "stress"
    }
}, {
    "model": "taggit.tag",
    "pk": 6,
    "fields": {
        "name": "hair",
        "slug": "hair"
    }
}, {
    "model": "taggit.tag",
    "pk": 7,
    "fields": {
        "name": "skin",
        "slug": "skin"
    }
}, {
    "model": "taggit.tag",
    "pk": 8,
    "fields": {
        "name": "example",
        "slug": "example"
    }
}, {
    "model": "taggit.tag",
    "pk": 9,
    "fields": {
        "name": "-",
        "slug": ""
    }
}, {
    "model": "taggit.tag",
    "pk": 10,
    "fields": {
        "name": "general health",
        "slug": "general-health"
    }
}, {
    "model": "taggit.tag",
    "pk": 11,
    "fields": {
        "name": "strong bones",
        "slug": "strong-bones"
    }
}, {
    "model": "taggit.tag",
    "pk": 12,
    "fields": {
        "name": "immune cells",
        "slug": "immune-cells"
    }
}, {
    "model": "taggit.tag",
    "pk": 13,
    "fields": {
        "name": "antioxidant",
        "slug": "antioxidant"
    }
}, {
    "model": "taggit.tag",
    "pk": 14,
    "fields": {
        "name": "immune health",
        "slug": "immune-health"
    }
}, {
    "model": "taggit.tag",
    "pk": 15,
    "fields": {
        "name": "los sun exposition",
        "slug": "los-sun-exposition"
    }
}, {
    "model": "taggit.tag",
    "pk": 16,
    "fields": {
        "name": "essential to function",
        "slug": "essential-to-function"
    }
}, {
    "model": "taggit.tag",
    "pk": 17,
    "fields": {
        "name": "diet",
        "slug": "diet"
    }
}, {
    "model": "taggit.tag",
    "pk": 18,
    "fields": {
        "name": "macronutrients",
        "slug": "macronutrients"
    }
}, {
    "model": "taggit.tag",
    "pk": 19,
    "fields": {
        "name": "pregnancy",
        "slug": "pregnancy"
    }
}, {
    "model": "taggit.tag",
    "pk": 20,
    "fields": {
        "name": "reduce birth defects",
        "slug": "reduce-birth-defects"
    }
}, {
    "model": "taggit.tag",
    "pk": 21,
    "fields": {
        "name": "breastfeeding",
        "slug": "breastfeeding"
    }
}, {
    "model": "taggit.tag",
    "pk": 22,
    "fields": {
        "name": "bone density",
        "slug": "bone-density"
    }
}, {
    "model": "taggit.tag",
    "pk": 23,
    "fields": {
        "name": "healthy teeth",
        "slug": "healthy-teeth"
    }
}, {
    "model": "taggit.tag",
    "pk": 24,
    "fields": {
        "name": "distributing calcium",
        "slug": "distributing-calcium"
    }
}, {
    "model": "taggit.tag",
    "pk": 25,
    "fields": {
        "name": "anemia",
        "slug": "anemia"
    }
}, {
    "model": "taggit.tag",
    "pk": 26,
    "fields": {
        "name": "fatigue",
        "slug": "fatigue"
    }
}, {
    "model": "taggit.tag",
    "pk": 27,
    "fields": {
        "name": "migraine",
        "slug": "migraine"
    }
}, {
    "model": "taggit.tag",
    "pk": 28,
    "fields": {
        "name": "sleep",
        "slug": "sleep"
    }
}, {
    "model": "taggit.tag",
    "pk": 29,
    "fields": {
        "name": "Body deficiencies",
        "slug": "body-deficiencies"
    }
}, {
    "model": "taggit.tag",
    "pk": 30,
    "fields": {
        "name": "immune",
        "slug": "immune"
    }
}, {
    "model": "taggit.tag",
    "pk": 31,
    "fields": {
        "name": "vegetarian and vegans",
        "slug": "vegetarian-and-vegans"
    }
}, {
    "model": "taggit.tag",
    "pk": 32,
    "fields": {
        "name": "digestive system",
        "slug": "digestive-system"
    }
}, {
    "model": "taggit.tag",
    "pk": 33,
    "fields": {
        "name": "blood sugar levels",
        "slug": "blood-sugar-levels"
    }
}, {
    "model": "taggit.tag",
    "pk": 34,
    "fields": {
        "name": "reduction fat",
        "slug": "reduction-fat"
    }
}, {
    "model": "taggit.tag",
    "pk": 35,
    "fields": {
        "name": "good cholesterol",
        "slug": "good-cholesterol"
    }
}, {
    "model": "taggit.tag",
    "pk": 36,
    "fields": {
        "name": "urinary tract",
        "slug": "urinary-tract"
    }
}, {
    "model": "taggit.tag",
    "pk": 37,
    "fields": {
        "name": "phytonutrient proanthocyanidins",
        "slug": "phytonutrient-proanthocyanidins"
    }
}, {
    "model": "taggit.tag",
    "pk": 38,
    "fields": {
        "name": "bladder and kidney health",
        "slug": "bladder-and-kidney-health"
    }
}, {
    "model": "taggit.tag",
    "pk": 39,
    "fields": {
        "name": "functioning of organs",
        "slug": "functioning-of-organs"
    }
}, {
    "model": "taggit.tag",
    "pk": 40,
    "fields": {
        "name": "Curcumin",
        "slug": "curcumin"
    }
}, {
    "model": "taggit.tag",
    "pk": 41,
    "fields": {
        "name": "healthy",
        "slug": "healthy"
    }
}, {
    "model": "taggit.tag",
    "pk": 42,
    "fields": {
        "name": "balance hormones",
        "slug": "balance-hormones"
    }
}, {
    "model": "taggit.tag",
    "pk": 43,
    "fields": {
        "name": "healthy menstruation",
        "slug": "healthy-menstruation"
    }
}, {
    "model": "taggit.tag",
    "pk": 44,
    "fields": {
        "name": "menopause.",
        "slug": "menopause"
    }
}, {
    "model": "taggit.tag",
    "pk": 45,
    "fields": {
        "name": "support fertility. More recently",
        "slug": "support-fertility-more-recently"
    }
}, {
    "model": "taggit.tag",
    "pk": 46,
    "fields": {
        "name": "stamina",
        "slug": "stamina"
    }
}, {
    "model": "taggit.tag",
    "pk": 47,
    "fields": {
        "name": "heath",
        "slug": "heath"
    }
}, {
    "model": "taggit.tag",
    "pk": 48,
    "fields": {
        "name": "liver",
        "slug": "liver"
    }
}, {
    "model": "taggit.tag",
    "pk": 49,
    "fields": {
        "name": "heart",
        "slug": "heart"
    }
}, {
    "model": "taggit.tag",
    "pk": 50,
    "fields": {
        "name": "immune system",
        "slug": "immune-system"
    }
}, {
    "model": "taggit.tag",
    "pk": 51,
    "fields": {
        "name": "digestion.",
        "slug": "digestion"
    }
}, {
    "model": "taggit.tag",
    "pk": 52,
    "fields": {
        "name": "traditional medicine to support a number of functions in the body",
        "slug": "traditional-medicine-to-support-a-number-of-functions-in-the-body"
    }
}, {
    "model": "taggit.tag",
    "pk": 53,
    "fields": {
        "name": "traditional",
        "slug": "traditional"
    }
}, {
    "model": "taggit.tag",
    "pk": 54,
    "fields": {
        "name": "protection of cells",
        "slug": "protection-of-cells"
    }
}, {
    "model": "taggit.tag",
    "pk": 55,
    "fields": {
        "name": "healthy energy levels",
        "slug": "healthy-energy-levels"
    }
}, {
    "model": "taggit.tag",
    "pk": 56,
    "fields": {
        "name": "cognitive function",
        "slug": "cognitive-function"
    }
}, {
    "model": "taggit.tag",
    "pk": 57,
    "fields": {
        "name": "mental faculty",
        "slug": "mental-faculty"
    }
}, {
    "model": "taggit.tag",
    "pk": 58,
    "fields": {
        "name": "memory",
        "slug": "memory"
    }
}, {
    "model": "taggit.tag",
    "pk": 59,
    "fields": {
        "name": "and",
        "slug": "and"
    }
}, {
    "model": "taggit.tag",
    "pk": 60,
    "fields": {
        "name": "physical",
        "slug": "physical"
    }
}, {
    "model": "taggit.tag",
    "pk": 61,
    "fields": {
        "name": "improve",
        "slug": "improve"
    }
}, {
    "model": "taggit.tag",
    "pk": 62,
    "fields": {
        "name": "endurance",
        "slug": "endurance"
    }
}, {
    "model": "taggit.tag",
    "pk": 63,
    "fields": {
        "name": "vegetarians",
        "slug": "vegetarians"
    }
}, {
    "model": "taggit.tag",
    "pk": 64,
    "fields": {
        "name": "vegans",
        "slug": "vegans"
    }
}, {
    "model": "taggit.tag",
    "pk": 65,
    "fields": {
        "name": "omega-3",
        "slug": "omega-3"
    }
}, {
    "model": "taggit.tag",
    "pk": 66,
    "fields": {
        "name": "healthy heart",
        "slug": "healthy-heart"
    }
}, {
    "model": "taggit.tag",
    "pk": 67,
    "fields": {
        "name": "flexibility",
        "slug": "flexibility"
    }
}, {
    "model": "taggit.tag",
    "pk": 68,
    "fields": {
        "name": "restore tone",
        "slug": "restore-tone"
    }
}, {
    "model": "taggit.tag",
    "pk": 69,
    "fields": {
        "name": "healthy hair",
        "slug": "healthy-hair"
    }
}, {
    "model": "taggit.tag",
    "pk": 70,
    "fields": {
        "name": "stronger nails",
        "slug": "stronger-nails"
    }
}, {
    "model": "taggit.tag",
    "pk": 71,
    "fields": {
        "name": "skin elasticity and firmness",
        "slug": "skin-elasticity-and-firmness"
    }
}, {
    "model": "taggit.tag",
    "pk": 72,
    "fields": {
        "name": "nails",
        "slug": "nails"
    }
}, {
    "model": "taggit.tag",
    "pk": 73,
    "fields": {
        "name": "nail strength.*",
        "slug": "nail-strength"
    }
}, {
    "model": "taggit.tag",
    "pk": 74,
    "fields": {
        "name": "hair growth",
        "slug": "hair-growth"
    }
}, {
    "model": "taggit.tag",
    "pk": 75,
    "fields": {
        "name": "coronary heart disease",
        "slug": "coronary-heart-disease"
    }
}, {
    "model": "taggit.tag",
    "pk": 76,
    "fields": {
        "name": "hidratation",
        "slug": "hidratation"
    }
}, {
    "model": "taggit.tag",
    "pk": 77,
    "fields": {
        "name": "elasticity",
        "slug": "elasticity"
    }
}, {
    "model": "taggit.tag",
    "pk": 78,
    "fields": {
        "name": "recovery",
        "slug": "recovery"
    }
}, {
    "model": "taggit.tag",
    "pk": 79,
    "fields": {
        "name": "performance",
        "slug": "performance"
    }
}, {
    "model": "taggit.tag",
    "pk": 80,
    "fields": {
        "name": "amino acids",
        "slug": "amino-acids"
    }
}, {
    "model": "taggit.tag",
    "pk": 81,
    "fields": {
        "name": "Recycled",
        "slug": "recycled"
    }
}, {
    "model": "taggit.tag",
    "pk": 82,
    "fields": {
        "name": "Recycled.",
        "slug": "recycled_1"
    }
}, {
    "model": "taggit.tag",
    "pk": 83,
    "fields": {
        "name": "sport",
        "slug": "sport"
    }
}, {
    "model": "taggit.tag",
    "pk": 84,
    "fields": {
        "name": "termic",
        "slug": "termic"
    }
}, {
    "model": "taggit.tag",
    "pk": 85,
    "fields": {
        "name": "Fashionable",
        "slug": "fashionable"
    }
}, {
    "model": "taggit.taggeditem",
    "pk": 4,
    "fields": {
        "tag": 4,
        "content_type": 14,
        "object_id": 2
    }
}, {
    "model": "taggit.taggeditem",
    "pk": 6,
    "fields": {
        "tag": 4,
        "content_type": 14,
        "object_id": 1
    }
}, {
    "model": "taggit.taggeditem",
    "pk": 10,
    "fields": {
        "tag": 6,
        "content_type": 14,
        "object_id": 1
    }
}, {
    "model": "taggit.taggeditem",
    "pk": 12,
    "fields": {
        "tag": 3,
        "content_type": 14,
        "object_id": 2
    }
}, {
    "model": "taggit.taggeditem",
    "pk": 13,
    "fields": {
        "tag": 3,
        "content_type": 14,
        "object_id": 1
    }
}, {
    "model": "taggit.taggeditem",
    "pk": 14,
    "fields": {
        "tag": 1,
        "content_type": 14,
        "object_id": 2
    }
}, {
    "model": "taggit.taggeditem",
    "pk": 18,
    "fields": {
        "tag": 10,
        "content_type": 14,
        "object_id": 5
    }
}, {
    "model": "taggit.taggeditem",
    "pk": 19,
    "fields": {
        "tag": 11,
        "content_type": 14,
        "object_id": 5
    }
}, {
    "model": "taggit.taggeditem",
    "pk": 20,
    "fields": {
        "tag": 12,
        "content_type": 14,
        "object_id": 5
    }
}, {
    "model": "taggit.taggeditem",
    "pk": 21,
    "fields": {
        "tag": 13,
        "content_type": 14,
        "object_id": 3
    }
}, {
    "model": "taggit.taggeditem",
    "pk": 22,
    "fields": {
        "tag": 14,
        "content_type": 14,
        "object_id": 3
    }
}, {
    "model": "taggit.taggeditem",
    "pk": 23,
    "fields": {
        "tag": 10,
        "content_type": 14,
        "object_id": 4
    }
}, {
    "model": "taggit.taggeditem",
    "pk": 24,
    "fields": {
        "tag": 11,
        "content_type": 14,
        "object_id": 4
    }
}, {
    "model": "taggit.taggeditem",
    "pk": 25,
    "fields": {
        "tag": 15,
        "content_type": 14,
        "object_id": 4
    }
}, {
    "model": "taggit.taggeditem",
    "pk": 26,
    "fields": {
        "tag": 16,
        "content_type": 14,
        "object_id": 6
    }
}, {
    "model": "taggit.taggeditem",
    "pk": 27,
    "fields": {
        "tag": 16,
        "content_type": 14,
        "object_id": 7
    }
}, {
    "model": "taggit.taggeditem",
    "pk": 28,
    "fields": {
        "tag": 17,
        "content_type": 14,
        "object_id": 7
    }
}, {
    "model": "taggit.taggeditem",
    "pk": 29,
    "fields": {
        "tag": 18,
        "content_type": 14,
        "object_id": 7
    }
}, {
    "model": "taggit.taggeditem",
    "pk": 30,
    "fields": {
        "tag": 19,
        "content_type": 14,
        "object_id": 8
    }
}, {
    "model": "taggit.taggeditem",
    "pk": 31,
    "fields": {
        "tag": 20,
        "content_type": 14,
        "object_id": 8
    }
}, {
    "model": "taggit.taggeditem",
    "pk": 32,
    "fields": {
        "tag": 21,
        "content_type": 14,
        "object_id": 8
    }
}, {
    "model": "taggit.taggeditem",
    "pk": 33,
    "fields": {
        "tag": 24,
        "content_type": 14,
        "object_id": 9
    }
}, {
    "model": "taggit.taggeditem",
    "pk": 34,
    "fields": {
        "tag": 22,
        "content_type": 14,
        "object_id": 9
    }
}, {
    "model": "taggit.taggeditem",
    "pk": 35,
    "fields": {
        "tag": 23,
        "content_type": 14,
        "object_id": 9
    }
}, {
    "model": "taggit.taggeditem",
    "pk": 36,
    "fields": {
        "tag": 25,
        "content_type": 14,
        "object_id": 10
    }
}, {
    "model": "taggit.taggeditem",
    "pk": 37,
    "fields": {
        "tag": 26,
        "content_type": 14,
        "object_id": 10
    }
}, {
    "model": "taggit.taggeditem",
    "pk": 38,
    "fields": {
        "tag": 19,
        "content_type": 14,
        "object_id": 10
    }
}, {
    "model": "taggit.taggeditem",
    "pk": 39,
    "fields": {
        "tag": 27,
        "content_type": 14,
        "object_id": 11
    }
}, {
    "model": "taggit.taggeditem",
    "pk": 40,
    "fields": {
        "tag": 28,
        "content_type": 14,
        "object_id": 11
    }
}, {
    "model": "taggit.taggeditem",
    "pk": 41,
    "fields": {
        "tag": 29,
        "content_type": 14,
        "object_id": 11
    }
}, {
    "model": "taggit.taggeditem",
    "pk": 42,
    "fields": {
        "tag": 32,
        "content_type": 14,
        "object_id": 12
    }
}, {
    "model": "taggit.taggeditem",
    "pk": 43,
    "fields": {
        "tag": 30,
        "content_type": 14,
        "object_id": 12
    }
}, {
    "model": "taggit.taggeditem",
    "pk": 44,
    "fields": {
        "tag": 31,
        "content_type": 14,
        "object_id": 12
    }
}, {
    "model": "taggit.taggeditem",
    "pk": 45,
    "fields": {
        "tag": 33,
        "content_type": 14,
        "object_id": 13
    }
}, {
    "model": "taggit.taggeditem",
    "pk": 46,
    "fields": {
        "tag": 34,
        "content_type": 14,
        "object_id": 13
    }
}, {
    "model": "taggit.taggeditem",
    "pk": 47,
    "fields": {
        "tag": 35,
        "content_type": 14,
        "object_id": 13
    }
}, {
    "model": "taggit.taggeditem",
    "pk": 48,
    "fields": {
        "tag": 36,
        "content_type": 14,
        "object_id": 14
    }
}, {
    "model": "taggit.taggeditem",
    "pk": 49,
    "fields": {
        "tag": 37,
        "content_type": 14,
        "object_id": 14
    }
}, {
    "model": "taggit.taggeditem",
    "pk": 50,
    "fields": {
        "tag": 38,
        "content_type": 14,
        "object_id": 14
    }
}, {
    "model": "taggit.taggeditem",
    "pk": 51,
    "fields": {
        "tag": 40,
        "content_type": 14,
        "object_id": 15
    }
}, {
    "model": "taggit.taggeditem",
    "pk": 52,
    "fields": {
        "tag": 41,
        "content_type": 14,
        "object_id": 15
    }
}, {
    "model": "taggit.taggeditem",
    "pk": 53,
    "fields": {
        "tag": 39,
        "content_type": 14,
        "object_id": 15
    }
}, {
    "model": "taggit.taggeditem",
    "pk": 54,
    "fields": {
        "tag": 42,
        "content_type": 14,
        "object_id": 16
    }
}, {
    "model": "taggit.taggeditem",
    "pk": 55,
    "fields": {
        "tag": 43,
        "content_type": 14,
        "object_id": 16
    }
}, {
    "model": "taggit.taggeditem",
    "pk": 56,
    "fields": {
        "tag": 44,
        "content_type": 14,
        "object_id": 16
    }
}, {
    "model": "taggit.taggeditem",
    "pk": 57,
    "fields": {
        "tag": 45,
        "content_type": 14,
        "object_id": 16
    }
}, {
    "model": "taggit.taggeditem",
    "pk": 58,
    "fields": {
        "tag": 5,
        "content_type": 14,
        "object_id": 17
    }
}, {
    "model": "taggit.taggeditem",
    "pk": 59,
    "fields": {
        "tag": 46,
        "content_type": 14,
        "object_id": 17
    }
}, {
    "model": "taggit.taggeditem",
    "pk": 60,
    "fields": {
        "tag": 48,
        "content_type": 14,
        "object_id": 18
    }
}, {
    "model": "taggit.taggeditem",
    "pk": 61,
    "fields": {
        "tag": 13,
        "content_type": 14,
        "object_id": 18
    }
}, {
    "model": "taggit.taggeditem",
    "pk": 62,
    "fields": {
        "tag": 47,
        "content_type": 14,
        "object_id": 18
    }
}, {
    "model": "taggit.taggeditem",
    "pk": 63,
    "fields": {
        "tag": 49,
        "content_type": 14,
        "object_id": 19
    }
}, {
    "model": "taggit.taggeditem",
    "pk": 64,
    "fields": {
        "tag": 50,
        "content_type": 14,
        "object_id": 19
    }
}, {
    "model": "taggit.taggeditem",
    "pk": 65,
    "fields": {
        "tag": 51,
        "content_type": 14,
        "object_id": 19
    }
}, {
    "model": "taggit.taggeditem",
    "pk": 67,
    "fields": {
        "tag": 53,
        "content_type": 14,
        "object_id": 19
    }
}, {
    "model": "taggit.taggeditem",
    "pk": 68,
    "fields": {
        "tag": 50,
        "content_type": 14,
        "object_id": 20
    }
}, {
    "model": "taggit.taggeditem",
    "pk": 69,
    "fields": {
        "tag": 5,
        "content_type": 14,
        "object_id": 20
    }
}, {
    "model": "taggit.taggeditem",
    "pk": 70,
    "fields": {
        "tag": 54,
        "content_type": 14,
        "object_id": 20
    }
}, {
    "model": "taggit.taggeditem",
    "pk": 71,
    "fields": {
        "tag": 56,
        "content_type": 14,
        "object_id": 21
    }
}, {
    "model": "taggit.taggeditem",
    "pk": 72,
    "fields": {
        "tag": 57,
        "content_type": 14,
        "object_id": 21
    }
}, {
    "model": "taggit.taggeditem",
    "pk": 73,
    "fields": {
        "tag": 58,
        "content_type": 14,
        "object_id": 21
    }
}, {
    "model": "taggit.taggeditem",
    "pk": 74,
    "fields": {
        "tag": 55,
        "content_type": 14,
        "object_id": 21
    }
}, {
    "model": "taggit.taggeditem",
    "pk": 85,
    "fields": {
        "tag": 5,
        "content_type": 14,
        "object_id": 24
    }
}, {
    "model": "taggit.taggeditem",
    "pk": 87,
    "fields": {
        "tag": 60,
        "content_type": 14,
        "object_id": 24
    }
}, {
    "model": "taggit.taggeditem",
    "pk": 89,
    "fields": {
        "tag": 62,
        "content_type": 14,
        "object_id": 24
    }
}, {
    "model": "taggit.taggeditem",
    "pk": 90,
    "fields": {
        "tag": 64,
        "content_type": 14,
        "object_id": 25
    }
}, {
    "model": "taggit.taggeditem",
    "pk": 91,
    "fields": {
        "tag": 65,
        "content_type": 14,
        "object_id": 25
    }
}, {
    "model": "taggit.taggeditem",
    "pk": 92,
    "fields": {
        "tag": 66,
        "content_type": 14,
        "object_id": 25
    }
}, {
    "model": "taggit.taggeditem",
    "pk": 93,
    "fields": {
        "tag": 63,
        "content_type": 14,
        "object_id": 25
    }
}, {
    "model": "taggit.taggeditem",
    "pk": 94,
    "fields": {
        "tag": 67,
        "content_type": 14,
        "object_id": 26
    }
}, {
    "model": "taggit.taggeditem",
    "pk": 95,
    "fields": {
        "tag": 68,
        "content_type": 14,
        "object_id": 26
    }
}, {
    "model": "taggit.taggeditem",
    "pk": 96,
    "fields": {
        "tag": 7,
        "content_type": 14,
        "object_id": 26
    }
}, {
    "model": "taggit.taggeditem",
    "pk": 97,
    "fields": {
        "tag": 72,
        "content_type": 14,
        "object_id": 27
    }
}, {
    "model": "taggit.taggeditem",
    "pk": 98,
    "fields": {
        "tag": 69,
        "content_type": 14,
        "object_id": 27
    }
}, {
    "model": "taggit.taggeditem",
    "pk": 99,
    "fields": {
        "tag": 70,
        "content_type": 14,
        "object_id": 27
    }
}, {
    "model": "taggit.taggeditem",
    "pk": 100,
    "fields": {
        "tag": 71,
        "content_type": 14,
        "object_id": 27
    }
}, {
    "model": "taggit.taggeditem",
    "pk": 101,
    "fields": {
        "tag": 73,
        "content_type": 14,
        "object_id": 28
    }
}, {
    "model": "taggit.taggeditem",
    "pk": 102,
    "fields": {
        "tag": 74,
        "content_type": 14,
        "object_id": 28
    }
}, {
    "model": "taggit.taggeditem",
    "pk": 103,
    "fields": {
        "tag": 65,
        "content_type": 14,
        "object_id": 29
    }
}, {
    "model": "taggit.taggeditem",
    "pk": 104,
    "fields": {
        "tag": 75,
        "content_type": 14,
        "object_id": 29
    }
}, {
    "model": "taggit.taggeditem",
    "pk": 105,
    "fields": {
        "tag": 76,
        "content_type": 14,
        "object_id": 30
    }
}, {
    "model": "taggit.taggeditem",
    "pk": 106,
    "fields": {
        "tag": 77,
        "content_type": 14,
        "object_id": 30
    }
}, {
    "model": "taggit.taggeditem",
    "pk": 107,
    "fields": {
        "tag": 7,
        "content_type": 14,
        "object_id": 30
    }
}, {
    "model": "taggit.taggeditem",
    "pk": 108,
    "fields": {
        "tag": 13,
        "content_type": 14,
        "object_id": 31
    }
}, {
    "model": "taggit.taggeditem",
    "pk": 109,
    "fields": {
        "tag": 78,
        "content_type": 14,
        "object_id": 31
    }
}, {
    "model": "taggit.taggeditem",
    "pk": 110,
    "fields": {
        "tag": 79,
        "content_type": 14,
        "object_id": 31
    }
}, {
    "model": "taggit.taggeditem",
    "pk": 111,
    "fields": {
        "tag": 80,
        "content_type": 14,
        "object_id": 32
    }
}, {
    "model": "taggit.taggeditem",
    "pk": 112,
    "fields": {
        "tag": 50,
        "content_type": 14,
        "object_id": 32
    }
}, {
    "model": "taggit.taggeditem",
    "pk": 113,
    "fields": {
        "tag": 81,
        "content_type": 14,
        "object_id": 33
    }
}, {
    "model": "taggit.taggeditem",
    "pk": 114,
    "fields": {
        "tag": 82,
        "content_type": 14,
        "object_id": 34
    }
}, {
    "model": "taggit.taggeditem",
    "pk": 115,
    "fields": {
        "tag": 83,
        "content_type": 14,
        "object_id": 34
    }
}, {
    "model": "taggit.taggeditem",
    "pk": 116,
    "fields": {
        "tag": 81,
        "content_type": 14,
        "object_id": 35
    }
}, {
    "model": "taggit.taggeditem",
    "pk": 117,
    "fields": {
        "tag": 82,
        "content_type": 14,
        "object_id": 36
    }
}, {
    "model": "taggit.taggeditem",
    "pk": 118,
    "fields": {
        "tag": 83,
        "content_type": 14,
        "object_id": 36
    }
}, {
    "model": "taggit.taggeditem",
    "pk": 119,
    "fields": {
        "tag": 82,
        "content_type": 14,
        "object_id": 37
    }
}, {
    "model": "taggit.taggeditem",
    "pk": 120,
    "fields": {
        "tag": 84,
        "content_type": 14,
        "object_id": 37
    }
}, {
    "model": "taggit.taggeditem",
    "pk": 121,
    "fields": {
        "tag": 81,
        "content_type": 14,
        "object_id": 38
    }
}, {
    "model": "taggit.taggeditem",
    "pk": 122,
    "fields": {
        "tag": 85,
        "content_type": 14,
        "object_id": 38
    }
}, {
    "model": "admin.logentry",
    "pk": 1,
    "fields": {
        "action_time": "2022-02-06T18:45:50.420Z",
        "user": 1,
        "content_type": 7,
        "object_id": "1",
        "object_repr": "basic-vits.com",
        "action_flag": 2,
        "change_message": "[{\"changed\": {\"fields\": [\"Domain name\", \"Display name\"]}}]"
    }
}, {
    "model": "admin.logentry",
    "pk": 2,
    "fields": {
        "action_time": "2022-02-06T18:58:39.444Z",
        "user": 1,
        "content_type": 8,
        "object_id": "2",
        "object_repr": "florence.mezino@outlook.com",
        "action_flag": 1,
        "change_message": "[{\"added\": {}}]"
    }
}, {
    "model": "admin.logentry",
    "pk": 3,
    "fields": {
        "action_time": "2022-02-08T23:47:58.580Z",
        "user": 1,
        "content_type": 14,
        "object_id": "1",
        "object_repr": "B Complex",
        "action_flag": 1,
        "change_message": "[{\"added\": {}}]"
    }
}, {
    "model": "admin.logentry",
    "pk": 4,
    "fields": {
        "action_time": "2022-02-10T15:44:56.039Z",
        "user": 1,
        "content_type": 13,
        "object_id": "2",
        "object_repr": "minerals",
        "action_flag": 2,
        "change_message": "[{\"changed\": {\"fields\": [\"Friendly name\"]}}]"
    }
}, {
    "model": "admin.logentry",
    "pk": 5,
    "fields": {
        "action_time": "2022-02-10T21:50:43.177Z",
        "user": 1,
        "content_type": 15,
        "object_id": "1",
        "object_repr": "immunity",
        "action_flag": 1,
        "change_message": "[{\"added\": {}}]"
    }
}, {
    "model": "admin.logentry",
    "pk": 6,
    "fields": {
        "action_time": "2022-02-10T21:52:44.736Z",
        "user": 1,
        "content_type": 15,
        "object_id": "2",
        "object_repr": "Joints",
        "action_flag": 1,
        "change_message": "[{\"added\": {}}]"
    }
}, {
    "model": "admin.logentry",
    "pk": 7,
    "fields": {
        "action_time": "2022-02-10T21:53:13.528Z",
        "user": 1,
        "content_type": 15,
        "object_id": "2",
        "object_repr": "brain",
        "action_flag": 2,
        "change_message": "[{\"changed\": {\"fields\": [\"Name\", \"Friendly name\"]}}]"
    }
}, {
    "model": "admin.logentry",
    "pk": 8,
    "fields": {
        "action_time": "2022-02-10T21:53:28.808Z",
        "user": 1,
        "content_type": 15,
        "object_id": "3",
        "object_repr": "energy",
        "action_flag": 1,
        "change_message": "[{\"added\": {}}]"
    }
}, {
    "model": "admin.logentry",
    "pk": 9,
    "fields": {
        "action_time": "2022-02-10T21:54:27.595Z",
        "user": 1,
        "content_type": 15,
        "object_id": "4",
        "object_repr": "eyes",
        "action_flag": 1,
        "change_message": "[{\"added\": {}}]"
    }
}, {
    "model": "admin.logentry",
    "pk": 10,
    "fields": {
        "action_time": "2022-02-10T21:54:42.433Z",
        "user": 1,
        "content_type": 15,
        "object_id": "5",
        "object_repr": "sleep",
        "action_flag": 1,
        "change_message": "[{\"added\": {}}]"
    }
}, {
    "model": "admin.logentry",
    "pk": 11,
    "fields": {
        "action_time": "2022-02-10T21:54:59.758Z",
        "user": 1,
        "content_type": 15,
        "object_id": "6",
        "object_repr": "stress",
        "action_flag": 1,
        "change_message": "[{\"added\": {}}]"
    }
}, {
    "model": "admin.logentry",
    "pk": 12,
    "fields": {
        "action_time": "2022-02-10T21:55:13.974Z",
        "user": 1,
        "content_type": 15,
        "object_id": "7",
        "object_repr": "heart",
        "action_flag": 1,
        "change_message": "[{\"added\": {}}]"
    }
}, {
    "model": "admin.logentry",
    "pk": 13,
    "fields": {
        "action_time": "2022-02-10T21:55:32.796Z",
        "user": 1,
        "content_type": 15,
        "object_id": "8",
        "object_repr": "joints",
        "action_flag": 1,
        "change_message": "[{\"added\": {}}]"
    }
}, {
    "model": "admin.logentry",
    "pk": 14,
    "fields": {
        "action_time": "2022-02-10T21:55:46.513Z",
        "user": 1,
        "content_type": 15,
        "object_id": "9",
        "object_repr": "skin",
        "action_flag": 1,
        "change_message": "[{\"added\": {}}]"
    }
}, {
    "model": "admin.logentry",
    "pk": 15,
    "fields": {
        "action_time": "2022-02-10T21:55:58.594Z",
        "user": 1,
        "content_type": 15,
        "object_id": "10",
        "object_repr": "hair",
        "action_flag": 1,
        "change_message": "[{\"added\": {}}]"
    }
}, {
    "model": "admin.logentry",
    "pk": 16,
    "fields": {
        "action_time": "2022-02-10T21:56:16.050Z",
        "user": 1,
        "content_type": 15,
        "object_id": "11",
        "object_repr": "digestion",
        "action_flag": 1,
        "change_message": "[{\"added\": {}}]"
    }
}, {
    "model": "admin.logentry",
    "pk": 17,
    "fields": {
        "action_time": "2022-02-10T21:56:31.398Z",
        "user": 1,
        "content_type": 15,
        "object_id": "12",
        "object_repr": "bones",
        "action_flag": 1,
        "change_message": "[{\"added\": {}}]"
    }
}, {
    "model": "admin.logentry",
    "pk": 18,
    "fields": {
        "action_time": "2022-02-10T21:56:41.149Z",
        "user": 1,
        "content_type": 15,
        "object_id": "13",
        "object_repr": "shape",
        "action_flag": 1,
        "change_message": "[{\"added\": {}}]"
    }
}, {
    "model": "admin.logentry",
    "pk": 19,
    "fields": {
        "action_time": "2022-02-10T21:57:37.030Z",
        "user": 1,
        "content_type": 16,
        "object_id": "1",
        "object_repr": "women's_health",
        "action_flag": 1,
        "change_message": "[{\"added\": {}}]"
    }
}, {
    "model": "admin.logentry",
    "pk": 20,
    "fields": {
        "action_time": "2022-02-10T21:57:55.569Z",
        "user": 1,
        "content_type": 16,
        "object_id": "1",
        "object_repr": "womens_health",
        "action_flag": 2,
        "change_message": "[{\"changed\": {\"fields\": [\"Name\"]}}]"
    }
}, {
    "model": "admin.logentry",
    "pk": 21,
    "fields": {
        "action_time": "2022-02-10T21:58:22.378Z",
        "user": 1,
        "content_type": 16,
        "object_id": "2",
        "object_repr": "men's_health",
        "action_flag": 1,
        "change_message": "[{\"added\": {}}]"
    }
}, {
    "model": "admin.logentry",
    "pk": 22,
    "fields": {
        "action_time": "2022-02-10T21:58:47.263Z",
        "user": 1,
        "content_type": 16,
        "object_id": "3",
        "object_repr": "kids_health",
        "action_flag": 1,
        "change_message": "[{\"added\": {}}]"
    }
}, {
    "model": "admin.logentry",
    "pk": 23,
    "fields": {
        "action_time": "2022-02-10T22:01:20.461Z",
        "user": 1,
        "content_type": 16,
        "object_id": "4",
        "object_repr": "teens_health",
        "action_flag": 1,
        "change_message": "[{\"added\": {}}]"
    }
}, {
    "model": "admin.logentry",
    "pk": 24,
    "fields": {
        "action_time": "2022-02-10T22:01:32.289Z",
        "user": 1,
        "content_type": 16,
        "object_id": "2",
        "object_repr": "men_health",
        "action_flag": 2,
        "change_message": "[{\"changed\": {\"fields\": [\"Name\"]}}]"
    }
}, {
    "model": "admin.logentry",
    "pk": 25,
    "fields": {
        "action_time": "2022-02-10T22:01:47.074Z",
        "user": 1,
        "content_type": 16,
        "object_id": "1",
        "object_repr": "women_health",
        "action_flag": 2,
        "change_message": "[{\"changed\": {\"fields\": [\"Name\"]}}]"
    }
}, {
    "model": "admin.logentry",
    "pk": 26,
    "fields": {
        "action_time": "2022-02-10T22:02:25.404Z",
        "user": 1,
        "content_type": 16,
        "object_id": "4",
        "object_repr": "teens_health",
        "action_flag": 2,
        "change_message": "[{\"changed\": {\"fields\": [\"Friendly name\"]}}]"
    }
}, {
    "model": "admin.logentry",
    "pk": 27,
    "fields": {
        "action_time": "2022-02-10T22:03:40.005Z",
        "user": 1,
        "content_type": 16,
        "object_id": "4",
        "object_repr": "teens_health",
        "action_flag": 2,
        "change_message": "[{\"changed\": {\"fields\": [\"Friendly name\"]}}]"
    }
}, {
    "model": "admin.logentry",
    "pk": 28,
    "fields": {
        "action_time": "2022-02-10T22:04:27.182Z",
        "user": 1,
        "content_type": 16,
        "object_id": "5",
        "object_repr": "senior's_health",
        "action_flag": 1,
        "change_message": "[{\"added\": {}}]"
    }
}, {
    "model": "admin.logentry",
    "pk": 29,
    "fields": {
        "action_time": "2022-02-10T22:04:42.865Z",
        "user": 1,
        "content_type": 16,
        "object_id": "4",
        "object_repr": "teens_health",
        "action_flag": 2,
        "change_message": "[{\"changed\": {\"fields\": [\"Friendly name\"]}}]"
    }
}, {
    "model": "admin.logentry",
    "pk": 30,
    "fields": {
        "action_time": "2022-02-10T22:04:54.133Z",
        "user": 1,
        "content_type": 16,
        "object_id": "3",
        "object_repr": "kids_health",
        "action_flag": 2,
        "change_message": "[{\"changed\": {\"fields\": [\"Friendly name\"]}}]"
    }
}, {
    "model": "admin.logentry",
    "pk": 31,
    "fields": {
        "action_time": "2022-02-10T22:05:19.521Z",
        "user": 1,
        "content_type": 16,
        "object_id": "2",
        "object_repr": "men_health",
        "action_flag": 2,
        "change_message": "[]"
    }
}, {
    "model": "admin.logentry",
    "pk": 32,
    "fields": {
        "action_time": "2022-02-10T22:05:34.768Z",
        "user": 1,
        "content_type": 16,
        "object_id": "5",
        "object_repr": "senior's_health",
        "action_flag": 2,
        "change_message": "[{\"changed\": {\"fields\": [\"Friendly name\"]}}]"
    }
}, {
    "model": "admin.logentry",
    "pk": 33,
    "fields": {
        "action_time": "2022-02-10T22:08:15.854Z",
        "user": 1,
        "content_type": 14,
        "object_id": "1",
        "object_repr": "B Complex",
        "action_flag": 2,
        "change_message": "[{\"changed\": {\"fields\": [\"Quantity\"]}}]"
    }
}, {
    "model": "admin.logentry",
    "pk": 34,
    "fields": {
        "action_time": "2022-02-10T23:19:20.668Z",
        "user": 1,
        "content_type": 16,
        "object_id": "5",
        "object_repr": "seniors_health",
        "action_flag": 2,
        "change_message": "[{\"changed\": {\"fields\": [\"Name\"]}}]"
    }
}, {
    "model": "admin.logentry",
    "pk": 35,
    "fields": {
        "action_time": "2022-02-12T13:25:30.775Z",
        "user": 1,
        "content_type": 14,
        "object_id": "1",
        "object_repr": "B Complex",
        "action_flag": 2,
        "change_message": "[{\"changed\": {\"fields\": [\"Tags\"]}}]"
    }
}, {
    "model": "admin.logentry",
    "pk": 36,
    "fields": {
        "action_time": "2022-02-12T13:40:04.596Z",
        "user": 1,
        "content_type": 14,
        "object_id": "1",
        "object_repr": "B Complex",
        "action_flag": 2,
        "change_message": "[{\"changed\": {\"fields\": [\"Package\", \"Tags\"]}}]"
    }
}, {
    "model": "admin.logentry",
    "pk": 37,
    "fields": {
        "action_time": "2022-02-12T15:38:56.455Z",
        "user": 1,
        "content_type": 16,
        "object_id": "1",
        "object_repr": "women_health",
        "action_flag": 3,
        "change_message": ""
    }
}, {
    "model": "admin.logentry",
    "pk": 38,
    "fields": {
        "action_time": "2022-02-12T15:39:02.448Z",
        "user": 1,
        "content_type": 14,
        "object_id": "1",
        "object_repr": "B Complex",
        "action_flag": 2,
        "change_message": "[]"
    }
}, {
    "model": "admin.logentry",
    "pk": 39,
    "fields": {
        "action_time": "2022-02-12T16:34:03.914Z",
        "user": 1,
        "content_type": 14,
        "object_id": "1",
        "object_repr": "B Complex",
        "action_flag": 2,
        "change_message": "[{\"changed\": {\"fields\": [\"Sku\", \"Description benefits\"]}}]"
    }
}, {
    "model": "admin.logentry",
    "pk": 40,
    "fields": {
        "action_time": "2022-02-12T16:47:46.891Z",
        "user": 1,
        "content_type": 14,
        "object_id": "2",
        "object_repr": "Vitamin B12",
        "action_flag": 1,
        "change_message": "[{\"added\": {}}]"
    }
}, {
    "model": "admin.logentry",
    "pk": 41,
    "fields": {
        "action_time": "2022-02-12T16:48:25.039Z",
        "user": 1,
        "content_type": 14,
        "object_id": "1",
        "object_repr": "B Complex",
        "action_flag": 2,
        "change_message": "[{\"changed\": {\"fields\": [\"Description benefits\", \"Price\", \"Tags\"]}}]"
    }
}, {
    "model": "admin.logentry",
    "pk": 42,
    "fields": {
        "action_time": "2022-02-12T16:49:30.456Z",
        "user": 1,
        "content_type": 14,
        "object_id": "2",
        "object_repr": "Vitamin B12",
        "action_flag": 2,
        "change_message": "[{\"changed\": {\"fields\": [\"Description benefits\", \"Tags\"]}}]"
    }
}, {
    "model": "admin.logentry",
    "pk": 43,
    "fields": {
        "action_time": "2022-02-12T16:50:08.066Z",
        "user": 1,
        "content_type": 14,
        "object_id": "1",
        "object_repr": "B Complex",
        "action_flag": 2,
        "change_message": "[{\"changed\": {\"fields\": [\"Description benefits\", \"Tags\"]}}]"
    }
}, {
    "model": "admin.logentry",
    "pk": 44,
    "fields": {
        "action_time": "2022-02-12T16:52:15.942Z",
        "user": 1,
        "content_type": 14,
        "object_id": "2",
        "object_repr": "Vitamin B12",
        "action_flag": 2,
        "change_message": "[{\"changed\": {\"fields\": [\"Description benefits\", \"Tags\"]}}]"
    }
}, {
    "model": "admin.logentry",
    "pk": 45,
    "fields": {
        "action_time": "2022-02-12T16:52:43.805Z",
        "user": 1,
        "content_type": 14,
        "object_id": "1",
        "object_repr": "B Complex",
        "action_flag": 2,
        "change_message": "[{\"changed\": {\"fields\": [\"Description benefits\", \"Tags\"]}}]"
    }
}, {
    "model": "admin.logentry",
    "pk": 46,
    "fields": {
        "action_time": "2022-02-12T17:20:53.601Z",
        "user": 1,
        "content_type": 14,
        "object_id": "2",
        "object_repr": "Vitamin B12",
        "action_flag": 2,
        "change_message": "[{\"changed\": {\"fields\": [\"Tags\"]}}]"
    }
}, {
    "model": "admin.logentry",
    "pk": 47,
    "fields": {
        "action_time": "2022-02-12T17:22:50.542Z",
        "user": 1,
        "content_type": 14,
        "object_id": "1",
        "object_repr": "B Complex",
        "action_flag": 2,
        "change_message": "[{\"changed\": {\"fields\": [\"Description benefits\", \"Tags\"]}}]"
    }
}, {
    "model": "admin.logentry",
    "pk": 48,
    "fields": {
        "action_time": "2022-02-12T17:23:09.190Z",
        "user": 1,
        "content_type": 14,
        "object_id": "2",
        "object_repr": "Vitamin B12",
        "action_flag": 2,
        "change_message": "[{\"changed\": {\"fields\": [\"Description benefits\"]}}]"
    }
}, {
    "model": "admin.logentry",
    "pk": 49,
    "fields": {
        "action_time": "2022-02-12T17:24:23.993Z",
        "user": 1,
        "content_type": 14,
        "object_id": "1",
        "object_repr": "B Complex",
        "action_flag": 2,
        "change_message": "[{\"changed\": {\"fields\": [\"Description benefits\"]}}]"
    }
}, {
    "model": "admin.logentry",
    "pk": 50,
    "fields": {
        "action_time": "2022-02-12T17:30:21.909Z",
        "user": 1,
        "content_type": 14,
        "object_id": "2",
        "object_repr": "Vitamin B12",
        "action_flag": 2,
        "change_message": "[{\"changed\": {\"fields\": [\"Description benefits\"]}}]"
    }
}, {
    "model": "admin.logentry",
    "pk": 51,
    "fields": {
        "action_time": "2022-02-12T17:31:44.755Z",
        "user": 1,
        "content_type": 14,
        "object_id": "1",
        "object_repr": "B Complex",
        "action_flag": 2,
        "change_message": "[{\"changed\": {\"fields\": [\"Description benefits\"]}}]"
    }
}, {
    "model": "admin.logentry",
    "pk": 52,
    "fields": {
        "action_time": "2022-02-12T17:31:57.073Z",
        "user": 1,
        "content_type": 14,
        "object_id": "2",
        "object_repr": "Vitamin B12",
        "action_flag": 2,
        "change_message": "[{\"changed\": {\"fields\": [\"Description benefits\"]}}]"
    }
}, {
    "model": "admin.logentry",
    "pk": 53,
    "fields": {
        "action_time": "2022-02-12T19:56:32.017Z",
        "user": 1,
        "content_type": 14,
        "object_id": "3",
        "object_repr": "Vitamin C",
        "action_flag": 1,
        "change_message": "[{\"added\": {}}]"
    }
}, {
    "model": "admin.logentry",
    "pk": 54,
    "fields": {
        "action_time": "2022-02-12T19:56:58.376Z",
        "user": 1,
        "content_type": 14,
        "object_id": "4",
        "object_repr": "Vitamin D",
        "action_flag": 1,
        "change_message": "[{\"added\": {}}]"
    }
}, {
    "model": "admin.logentry",
    "pk": 55,
    "fields": {
        "action_time": "2022-02-12T20:16:32.438Z",
        "user": 1,
        "content_type": 14,
        "object_id": "3",
        "object_repr": "Vitamin C",
        "action_flag": 2,
        "change_message": "[{\"changed\": {\"fields\": [\"Sku\", \"Tags\"]}}]"
    }
}, {
    "model": "admin.logentry",
    "pk": 56,
    "fields": {
        "action_time": "2022-02-12T20:16:50.765Z",
        "user": 1,
        "content_type": 14,
        "object_id": "3",
        "object_repr": "Vitamin C",
        "action_flag": 2,
        "change_message": "[{\"changed\": {\"fields\": [\"Quantity\"]}}]"
    }
}, {
    "model": "admin.logentry",
    "pk": 57,
    "fields": {
        "action_time": "2022-02-12T20:18:08.926Z",
        "user": 1,
        "content_type": 14,
        "object_id": "1",
        "object_repr": "B Complex",
        "action_flag": 2,
        "change_message": "[{\"changed\": {\"fields\": [\"Quantity\"]}}]"
    }
}, {
    "model": "admin.logentry",
    "pk": 58,
    "fields": {
        "action_time": "2022-02-12T20:18:18.745Z",
        "user": 1,
        "content_type": 14,
        "object_id": "2",
        "object_repr": "Vitamin B12",
        "action_flag": 2,
        "change_message": "[{\"changed\": {\"fields\": [\"Quantity\"]}}]"
    }
}, {
    "model": "admin.logentry",
    "pk": 59,
    "fields": {
        "action_time": "2022-02-12T20:18:44.783Z",
        "user": 1,
        "content_type": 14,
        "object_id": "4",
        "object_repr": "Vitamin D",
        "action_flag": 2,
        "change_message": "[{\"changed\": {\"fields\": [\"Sku\"]}}]"
    }
}, {
    "model": "admin.logentry",
    "pk": 60,
    "fields": {
        "action_time": "2022-02-12T20:57:10.583Z",
        "user": 1,
        "content_type": 14,
        "object_id": "1",
        "object_repr": "B Complex",
        "action_flag": 2,
        "change_message": "[{\"changed\": {\"fields\": [\"Image\"]}}]"
    }
}, {
    "model": "admin.logentry",
    "pk": 61,
    "fields": {
        "action_time": "2022-02-12T21:29:47.640Z",
        "user": 1,
        "content_type": 14,
        "object_id": "4",
        "object_repr": "Vitamin D",
        "action_flag": 2,
        "change_message": "[{\"changed\": {\"fields\": [\"Quantity\"]}}]"
    }
}, {
    "model": "admin.logentry",
    "pk": 62,
    "fields": {
        "action_time": "2022-02-12T21:32:57.279Z",
        "user": 1,
        "content_type": 14,
        "object_id": "3",
        "object_repr": "Vitamin C",
        "action_flag": 2,
        "change_message": "[]"
    }
}, {
    "model": "admin.logentry",
    "pk": 63,
    "fields": {
        "action_time": "2022-02-13T13:31:57.717Z",
        "user": 1,
        "content_type": 14,
        "object_id": "5",
        "object_repr": "Vegan D",
        "action_flag": 1,
        "change_message": "[{\"added\": {}}]"
    }
}, {
    "model": "admin.logentry",
    "pk": 64,
    "fields": {
        "action_time": "2022-02-13T13:33:22.151Z",
        "user": 1,
        "content_type": 14,
        "object_id": "5",
        "object_repr": "Vegan D",
        "action_flag": 2,
        "change_message": "[{\"changed\": {\"fields\": [\"Description benefits\", \"Tags\"]}}]"
    }
}, {
    "model": "admin.logentry",
    "pk": 65,
    "fields": {
        "action_time": "2022-02-13T13:33:43.280Z",
        "user": 1,
        "content_type": 14,
        "object_id": "2",
        "object_repr": "Vitamin B12",
        "action_flag": 2,
        "change_message": "[{\"changed\": {\"fields\": [\"Image\"]}}]"
    }
}, {
    "model": "admin.logentry",
    "pk": 66,
    "fields": {
        "action_time": "2022-02-13T13:36:07.308Z",
        "user": 1,
        "content_type": 14,
        "object_id": "3",
        "object_repr": "Vitamin C",
        "action_flag": 2,
        "change_message": "[{\"changed\": {\"fields\": [\"Description benefits\", \"Image\", \"Tags\"]}}]"
    }
}, {
    "model": "admin.logentry",
    "pk": 67,
    "fields": {
        "action_time": "2022-02-13T13:38:22.264Z",
        "user": 1,
        "content_type": 14,
        "object_id": "4",
        "object_repr": "Vitamin D",
        "action_flag": 2,
        "change_message": "[{\"changed\": {\"fields\": [\"Description benefits\", \"Price\", \"Image\", \"Tags\"]}}]"
    }
}, {
    "model": "admin.logentry",
    "pk": 68,
    "fields": {
        "action_time": "2022-02-13T13:41:52.691Z",
        "user": 1,
        "content_type": 14,
        "object_id": "6",
        "object_repr": "Multivitamin + Iron",
        "action_flag": 1,
        "change_message": "[{\"added\": {}}]"
    }
}, {
    "model": "admin.logentry",
    "pk": 69,
    "fields": {
        "action_time": "2022-02-13T13:44:34.630Z",
        "user": 1,
        "content_type": 14,
        "object_id": "7",
        "object_repr": "Multivitamin",
        "action_flag": 1,
        "change_message": "[{\"added\": {}}]"
    }
}, {
    "model": "admin.logentry",
    "pk": 70,
    "fields": {
        "action_time": "2022-02-13T13:48:02.279Z",
        "user": 1,
        "content_type": 14,
        "object_id": "8",
        "object_repr": "Prenatal",
        "action_flag": 1,
        "change_message": "[{\"added\": {}}]"
    }
}, {
    "model": "admin.logentry",
    "pk": 71,
    "fields": {
        "action_time": "2022-02-13T13:52:42.735Z",
        "user": 1,
        "content_type": 14,
        "object_id": "9",
        "object_repr": "K2",
        "action_flag": 1,
        "change_message": "[{\"added\": {}}]"
    }
}, {
    "model": "admin.logentry",
    "pk": 72,
    "fields": {
        "action_time": "2022-02-13T13:54:57.928Z",
        "user": 1,
        "content_type": 13,
        "object_id": "2",
        "object_repr": "minerals",
        "action_flag": 2,
        "change_message": "[]"
    }
}, {
    "model": "admin.logentry",
    "pk": 73,
    "fields": {
        "action_time": "2022-02-13T14:17:36.225Z",
        "user": 1,
        "content_type": 14,
        "object_id": "10",
        "object_repr": "Iron",
        "action_flag": 1,
        "change_message": "[{\"added\": {}}]"
    }
}, {
    "model": "admin.logentry",
    "pk": 74,
    "fields": {
        "action_time": "2022-02-13T14:17:54.210Z",
        "user": 1,
        "content_type": 14,
        "object_id": "3",
        "object_repr": "Vitamin C",
        "action_flag": 2,
        "change_message": "[{\"changed\": {\"fields\": [\"Description benefits\"]}}]"
    }
}, {
    "model": "admin.logentry",
    "pk": 75,
    "fields": {
        "action_time": "2022-02-13T14:18:13.437Z",
        "user": 1,
        "content_type": 14,
        "object_id": "6",
        "object_repr": "Multivitamin + Iron",
        "action_flag": 2,
        "change_message": "[{\"changed\": {\"fields\": [\"Description benefits\"]}}]"
    }
}, {
    "model": "admin.logentry",
    "pk": 76,
    "fields": {
        "action_time": "2022-02-13T14:18:38.125Z",
        "user": 1,
        "content_type": 14,
        "object_id": "7",
        "object_repr": "Multivitamin",
        "action_flag": 2,
        "change_message": "[{\"changed\": {\"fields\": [\"Description benefits\"]}}]"
    }
}, {
    "model": "admin.logentry",
    "pk": 77,
    "fields": {
        "action_time": "2022-02-13T14:18:54.959Z",
        "user": 1,
        "content_type": 14,
        "object_id": "5",
        "object_repr": "Vegan D",
        "action_flag": 2,
        "change_message": "[{\"changed\": {\"fields\": [\"Description benefits\"]}}]"
    }
}, {
    "model": "admin.logentry",
    "pk": 78,
    "fields": {
        "action_time": "2022-02-13T14:19:12.042Z",
        "user": 1,
        "content_type": 14,
        "object_id": "9",
        "object_repr": "K2",
        "action_flag": 2,
        "change_message": "[]"
    }
}, {
    "model": "admin.logentry",
    "pk": 79,
    "fields": {
        "action_time": "2022-02-13T14:19:22.700Z",
        "user": 1,
        "content_type": 14,
        "object_id": "8",
        "object_repr": "Prenatal",
        "action_flag": 2,
        "change_message": "[{\"changed\": {\"fields\": [\"Quantity\"]}}]"
    }
}, {
    "model": "admin.logentry",
    "pk": 80,
    "fields": {
        "action_time": "2022-02-13T14:21:51.861Z",
        "user": 1,
        "content_type": 14,
        "object_id": "11",
        "object_repr": "Magnesium",
        "action_flag": 1,
        "change_message": "[{\"added\": {}}]"
    }
}, {
    "model": "admin.logentry",
    "pk": 81,
    "fields": {
        "action_time": "2022-02-13T14:22:04.950Z",
        "user": 1,
        "content_type": 14,
        "object_id": "11",
        "object_repr": "Magnesium",
        "action_flag": 2,
        "change_message": "[{\"changed\": {\"fields\": [\"Image\"]}}]"
    }
}, {
    "model": "admin.logentry",
    "pk": 82,
    "fields": {
        "action_time": "2022-02-13T14:24:02.574Z",
        "user": 1,
        "content_type": 14,
        "object_id": "12",
        "object_repr": "Zinc",
        "action_flag": 1,
        "change_message": "[{\"added\": {}}]"
    }
}, {
    "model": "admin.logentry",
    "pk": 83,
    "fields": {
        "action_time": "2022-02-13T14:24:09.089Z",
        "user": 1,
        "content_type": 14,
        "object_id": "12",
        "object_repr": "Zinc",
        "action_flag": 2,
        "change_message": "[]"
    }
}, {
    "model": "admin.logentry",
    "pk": 84,
    "fields": {
        "action_time": "2022-02-13T14:34:52.263Z",
        "user": 1,
        "content_type": 14,
        "object_id": "11",
        "object_repr": "Magnesium",
        "action_flag": 2,
        "change_message": "[{\"changed\": {\"fields\": [\"Image\"]}}]"
    }
}, {
    "model": "admin.logentry",
    "pk": 85,
    "fields": {
        "action_time": "2022-02-13T14:35:21.913Z",
        "user": 1,
        "content_type": 14,
        "object_id": "12",
        "object_repr": "Zinc",
        "action_flag": 2,
        "change_message": "[{\"changed\": {\"fields\": [\"Image\"]}}]"
    }
}, {
    "model": "admin.logentry",
    "pk": 86,
    "fields": {
        "action_time": "2022-02-13T14:35:34.441Z",
        "user": 1,
        "content_type": 14,
        "object_id": "11",
        "object_repr": "Magnesium",
        "action_flag": 2,
        "change_message": "[{\"changed\": {\"fields\": [\"Image\"]}}]"
    }
}, {
    "model": "admin.logentry",
    "pk": 87,
    "fields": {
        "action_time": "2022-02-13T14:35:43.259Z",
        "user": 1,
        "content_type": 14,
        "object_id": "12",
        "object_repr": "Zinc",
        "action_flag": 2,
        "change_message": "[{\"changed\": {\"fields\": [\"Image\"]}}]"
    }
}, {
    "model": "admin.logentry",
    "pk": 88,
    "fields": {
        "action_time": "2022-02-13T14:35:51.983Z",
        "user": 1,
        "content_type": 14,
        "object_id": "10",
        "object_repr": "Iron",
        "action_flag": 2,
        "change_message": "[{\"changed\": {\"fields\": [\"Image\"]}}]"
    }
}, {
    "model": "admin.logentry",
    "pk": 89,
    "fields": {
        "action_time": "2022-02-13T14:36:00.843Z",
        "user": 1,
        "content_type": 14,
        "object_id": "10",
        "object_repr": "Iron",
        "action_flag": 2,
        "change_message": "[{\"changed\": {\"fields\": [\"Image\"]}}]"
    }
}, {
    "model": "admin.logentry",
    "pk": 90,
    "fields": {
        "action_time": "2022-02-13T14:42:56.387Z",
        "user": 1,
        "content_type": 14,
        "object_id": "13",
        "object_repr": "Chromium",
        "action_flag": 1,
        "change_message": "[{\"added\": {}}]"
    }
}, {
    "model": "admin.logentry",
    "pk": 91,
    "fields": {
        "action_time": "2022-02-13T14:55:40.646Z",
        "user": 1,
        "content_type": 14,
        "object_id": "14",
        "object_repr": "Cranberry",
        "action_flag": 1,
        "change_message": "[{\"added\": {}}]"
    }
}, {
    "model": "admin.logentry",
    "pk": 92,
    "fields": {
        "action_time": "2022-02-13T14:56:07.620Z",
        "user": 1,
        "content_type": 14,
        "object_id": "13",
        "object_repr": "Chromium",
        "action_flag": 2,
        "change_message": "[{\"changed\": {\"fields\": [\"Description benefits\"]}}]"
    }
}, {
    "model": "admin.logentry",
    "pk": 93,
    "fields": {
        "action_time": "2022-02-13T14:57:02.741Z",
        "user": 1,
        "content_type": 14,
        "object_id": "9",
        "object_repr": "K2",
        "action_flag": 2,
        "change_message": "[{\"changed\": {\"fields\": [\"Description benefits\"]}}]"
    }
}, {
    "model": "admin.logentry",
    "pk": 94,
    "fields": {
        "action_time": "2022-02-13T14:57:16.516Z",
        "user": 1,
        "content_type": 14,
        "object_id": "2",
        "object_repr": "Vitamin B12",
        "action_flag": 2,
        "change_message": "[{\"changed\": {\"fields\": [\"Description benefits\"]}}]"
    }
}, {
    "model": "admin.logentry",
    "pk": 95,
    "fields": {
        "action_time": "2022-02-13T14:57:31.056Z",
        "user": 1,
        "content_type": 14,
        "object_id": "3",
        "object_repr": "Vitamin C",
        "action_flag": 2,
        "change_message": "[{\"changed\": {\"fields\": [\"Description benefits\"]}}]"
    }
}, {
    "model": "admin.logentry",
    "pk": 96,
    "fields": {
        "action_time": "2022-02-13T14:57:50.439Z",
        "user": 1,
        "content_type": 14,
        "object_id": "4",
        "object_repr": "Vitamin D",
        "action_flag": 2,
        "change_message": "[{\"changed\": {\"fields\": [\"Description benefits\"]}}]"
    }
}, {
    "model": "admin.logentry",
    "pk": 97,
    "fields": {
        "action_time": "2022-02-13T14:58:26.387Z",
        "user": 1,
        "content_type": 14,
        "object_id": "1",
        "object_repr": "B Complex",
        "action_flag": 2,
        "change_message": "[{\"changed\": {\"fields\": [\"Description benefits\"]}}]"
    }
}, {
    "model": "admin.logentry",
    "pk": 98,
    "fields": {
        "action_time": "2022-02-13T14:58:39.094Z",
        "user": 1,
        "content_type": 14,
        "object_id": "7",
        "object_repr": "Multivitamin",
        "action_flag": 2,
        "change_message": "[{\"changed\": {\"fields\": [\"Description benefits\"]}}]"
    }
}, {
    "model": "admin.logentry",
    "pk": 99,
    "fields": {
        "action_time": "2022-02-13T14:58:53.268Z",
        "user": 1,
        "content_type": 14,
        "object_id": "5",
        "object_repr": "Vegan D",
        "action_flag": 2,
        "change_message": "[{\"changed\": {\"fields\": [\"Description benefits\"]}}]"
    }
}, {
    "model": "admin.logentry",
    "pk": 100,
    "fields": {
        "action_time": "2022-02-13T14:59:08.727Z",
        "user": 1,
        "content_type": 14,
        "object_id": "6",
        "object_repr": "Multivitamin + Iron",
        "action_flag": 2,
        "change_message": "[{\"changed\": {\"fields\": [\"Description benefits\"]}}]"
    }
}, {
    "model": "admin.logentry",
    "pk": 101,
    "fields": {
        "action_time": "2022-02-13T14:59:32.636Z",
        "user": 1,
        "content_type": 14,
        "object_id": "8",
        "object_repr": "Prenatal",
        "action_flag": 2,
        "change_message": "[{\"changed\": {\"fields\": [\"Description benefits\"]}}]"
    }
}, {
    "model": "admin.logentry",
    "pk": 102,
    "fields": {
        "action_time": "2022-02-13T15:02:03.546Z",
        "user": 1,
        "content_type": 14,
        "object_id": "15",
        "object_repr": "Turmeric",
        "action_flag": 1,
        "change_message": "[{\"added\": {}}]"
    }
}, {
    "model": "admin.logentry",
    "pk": 103,
    "fields": {
        "action_time": "2022-02-13T15:04:22.144Z",
        "user": 1,
        "content_type": 14,
        "object_id": "16",
        "object_repr": "Shatavari",
        "action_flag": 1,
        "change_message": "[{\"added\": {}}]"
    }
}, {
    "model": "admin.logentry",
    "pk": 104,
    "fields": {
        "action_time": "2022-02-13T15:04:37.263Z",
        "user": 1,
        "content_type": 14,
        "object_id": "16",
        "object_repr": "Shatavari",
        "action_flag": 2,
        "change_message": "[]"
    }
}, {
    "model": "admin.logentry",
    "pk": 105,
    "fields": {
        "action_time": "2022-02-13T15:06:19.256Z",
        "user": 1,
        "content_type": 14,
        "object_id": "17",
        "object_repr": "Rhodiola",
        "action_flag": 1,
        "change_message": "[{\"added\": {}}]"
    }
}, {
    "model": "admin.logentry",
    "pk": 106,
    "fields": {
        "action_time": "2022-02-13T15:08:13.139Z",
        "user": 1,
        "content_type": 14,
        "object_id": "18",
        "object_repr": "Milk Thistle",
        "action_flag": 1,
        "change_message": "[{\"added\": {}}]"
    }
}, {
    "model": "admin.logentry",
    "pk": 107,
    "fields": {
        "action_time": "2022-02-13T15:08:18.712Z",
        "user": 1,
        "content_type": 14,
        "object_id": "17",
        "object_repr": "Rhodiola",
        "action_flag": 2,
        "change_message": "[]"
    }
}, {
    "model": "admin.logentry",
    "pk": 108,
    "fields": {
        "action_time": "2022-02-13T15:08:26.891Z",
        "user": 1,
        "content_type": 14,
        "object_id": "18",
        "object_repr": "Milk Thistle",
        "action_flag": 2,
        "change_message": "[{\"changed\": {\"fields\": [\"Category\"]}}]"
    }
}, {
    "model": "admin.logentry",
    "pk": 109,
    "fields": {
        "action_time": "2022-02-13T15:10:49.778Z",
        "user": 1,
        "content_type": 14,
        "object_id": "19",
        "object_repr": "Garlic",
        "action_flag": 1,
        "change_message": "[{\"added\": {}}]"
    }
}, {
    "model": "admin.logentry",
    "pk": 110,
    "fields": {
        "action_time": "2022-02-13T15:11:22.828Z",
        "user": 1,
        "content_type": 14,
        "object_id": "19",
        "object_repr": "Garlic",
        "action_flag": 2,
        "change_message": "[{\"changed\": {\"fields\": [\"Tags\"]}}]"
    }
}, {
    "model": "admin.logentry",
    "pk": 111,
    "fields": {
        "action_time": "2022-02-13T15:11:35.785Z",
        "user": 1,
        "content_type": 14,
        "object_id": "17",
        "object_repr": "Rhodiola",
        "action_flag": 2,
        "change_message": "[]"
    }
}, {
    "model": "admin.logentry",
    "pk": 112,
    "fields": {
        "action_time": "2022-02-13T15:12:03.691Z",
        "user": 1,
        "content_type": 14,
        "object_id": "19",
        "object_repr": "Garlic",
        "action_flag": 2,
        "change_message": "[{\"changed\": {\"fields\": [\"Sku\"]}}]"
    }
}, {
    "model": "admin.logentry",
    "pk": 113,
    "fields": {
        "action_time": "2022-02-13T15:12:11.010Z",
        "user": 1,
        "content_type": 14,
        "object_id": "17",
        "object_repr": "Rhodiola",
        "action_flag": 2,
        "change_message": "[{\"changed\": {\"fields\": [\"Sku\"]}}]"
    }
}, {
    "model": "admin.logentry",
    "pk": 114,
    "fields": {
        "action_time": "2022-02-13T15:15:42.172Z",
        "user": 1,
        "content_type": 14,
        "object_id": "20",
        "object_repr": "Elderberry",
        "action_flag": 1,
        "change_message": "[{\"added\": {}}]"
    }
}, {
    "model": "admin.logentry",
    "pk": 115,
    "fields": {
        "action_time": "2022-02-13T15:18:21.414Z",
        "user": 1,
        "content_type": 14,
        "object_id": "21",
        "object_repr": "American Ginseng",
        "action_flag": 1,
        "change_message": "[{\"added\": {}}]"
    }
}, {
    "model": "admin.logentry",
    "pk": 116,
    "fields": {
        "action_time": "2022-02-13T15:19:31.865Z",
        "user": 1,
        "content_type": 14,
        "object_id": "22",
        "object_repr": "Ashwagandha",
        "action_flag": 1,
        "change_message": "[{\"added\": {}}]"
    }
}, {
    "model": "admin.logentry",
    "pk": 117,
    "fields": {
        "action_time": "2022-02-13T15:19:32.035Z",
        "user": 1,
        "content_type": 14,
        "object_id": "23",
        "object_repr": "Ashwagandha",
        "action_flag": 1,
        "change_message": "[{\"added\": {}}]"
    }
}, {
    "model": "admin.logentry",
    "pk": 118,
    "fields": {
        "action_time": "2022-02-13T15:19:32.203Z",
        "user": 1,
        "content_type": 14,
        "object_id": "24",
        "object_repr": "Ashwagandha",
        "action_flag": 1,
        "change_message": "[{\"added\": {}}]"
    }
}, {
    "model": "admin.logentry",
    "pk": 119,
    "fields": {
        "action_time": "2022-02-13T15:20:08.627Z",
        "user": 1,
        "content_type": 14,
        "object_id": "24",
        "object_repr": "Ashwagandha",
        "action_flag": 2,
        "change_message": "[{\"changed\": {\"fields\": [\"Quantity\", \"Tags\"]}}]"
    }
}, {
    "model": "admin.logentry",
    "pk": 120,
    "fields": {
        "action_time": "2022-02-13T15:20:23.435Z",
        "user": 1,
        "content_type": 14,
        "object_id": "23",
        "object_repr": "Ashwagandha",
        "action_flag": 3,
        "change_message": ""
    }
}, {
    "model": "admin.logentry",
    "pk": 121,
    "fields": {
        "action_time": "2022-02-13T15:20:34.827Z",
        "user": 1,
        "content_type": 14,
        "object_id": "22",
        "object_repr": "Ashwagandha",
        "action_flag": 3,
        "change_message": ""
    }
}, {
    "model": "admin.logentry",
    "pk": 122,
    "fields": {
        "action_time": "2022-02-13T15:20:44.560Z",
        "user": 1,
        "content_type": 14,
        "object_id": "24",
        "object_repr": "Ashwagandha",
        "action_flag": 2,
        "change_message": "[{\"changed\": {\"fields\": [\"Image\"]}}]"
    }
}, {
    "model": "admin.logentry",
    "pk": 123,
    "fields": {
        "action_time": "2022-02-13T15:30:18.207Z",
        "user": 1,
        "content_type": 14,
        "object_id": "24",
        "object_repr": "Ashwagandha",
        "action_flag": 2,
        "change_message": "[]"
    }
}, {
    "model": "admin.logentry",
    "pk": 124,
    "fields": {
        "action_time": "2022-02-13T15:38:48.951Z",
        "user": 1,
        "content_type": 14,
        "object_id": "25",
        "object_repr": "Veggie Omega",
        "action_flag": 1,
        "change_message": "[{\"added\": {}}]"
    }
}, {
    "model": "admin.logentry",
    "pk": 125,
    "fields": {
        "action_time": "2022-02-13T15:42:38.556Z",
        "user": 1,
        "content_type": 14,
        "object_id": "26",
        "object_repr": "Veg. Collagen: Joint",
        "action_flag": 1,
        "change_message": "[{\"added\": {}}]"
    }
}, {
    "model": "admin.logentry",
    "pk": 126,
    "fields": {
        "action_time": "2022-02-13T15:45:46.218Z",
        "user": 1,
        "content_type": 14,
        "object_id": "27",
        "object_repr": "Veg. Collagen: Skin",
        "action_flag": 1,
        "change_message": "[{\"added\": {}}]"
    }
}, {
    "model": "admin.logentry",
    "pk": 127,
    "fields": {
        "action_time": "2022-02-13T15:47:22.775Z",
        "user": 1,
        "content_type": 14,
        "object_id": "28",
        "object_repr": "Keratin",
        "action_flag": 1,
        "change_message": "[{\"added\": {}}]"
    }
}, {
    "model": "admin.logentry",
    "pk": 128,
    "fields": {
        "action_time": "2022-02-13T15:49:33.267Z",
        "user": 1,
        "content_type": 14,
        "object_id": "29",
        "object_repr": "Fish Oil",
        "action_flag": 1,
        "change_message": "[{\"added\": {}}]"
    }
}, {
    "model": "admin.logentry",
    "pk": 129,
    "fields": {
        "action_time": "2022-02-13T15:51:35.185Z",
        "user": 1,
        "content_type": 14,
        "object_id": "30",
        "object_repr": "Ceramides",
        "action_flag": 1,
        "change_message": "[{\"added\": {}}]"
    }
}, {
    "model": "admin.logentry",
    "pk": 130,
    "fields": {
        "action_time": "2022-02-13T15:51:46.827Z",
        "user": 1,
        "content_type": 14,
        "object_id": "30",
        "object_repr": "Ceramides",
        "action_flag": 2,
        "change_message": "[{\"changed\": {\"fields\": [\"Sku\"]}}]"
    }
}, {
    "model": "admin.logentry",
    "pk": 131,
    "fields": {
        "action_time": "2022-02-13T15:53:47.839Z",
        "user": 1,
        "content_type": 14,
        "object_id": "31",
        "object_repr": "Astaxanthin",
        "action_flag": 1,
        "change_message": "[{\"added\": {}}]"
    }
}, {
    "model": "admin.logentry",
    "pk": 132,
    "fields": {
        "action_time": "2022-02-13T15:55:52.914Z",
        "user": 1,
        "content_type": 14,
        "object_id": "32",
        "object_repr": "Adaptogenic Mushrooms",
        "action_flag": 1,
        "change_message": "[{\"added\": {}}]"
    }
}, {
    "model": "admin.logentry",
    "pk": 133,
    "fields": {
        "action_time": "2022-02-13T16:17:21.994Z",
        "user": 1,
        "content_type": 14,
        "object_id": "33",
        "object_repr": "Blender Bottle",
        "action_flag": 1,
        "change_message": "[{\"added\": {}}]"
    }
}, {
    "model": "admin.logentry",
    "pk": 134,
    "fields": {
        "action_time": "2022-02-13T16:18:59.005Z",
        "user": 1,
        "content_type": 14,
        "object_id": "34",
        "object_repr": "Sport Bottle",
        "action_flag": 1,
        "change_message": "[{\"added\": {}}]"
    }
}, {
    "model": "admin.logentry",
    "pk": 135,
    "fields": {
        "action_time": "2022-02-13T16:20:19.586Z",
        "user": 1,
        "content_type": 14,
        "object_id": "35",
        "object_repr": "Travel Tumbler",
        "action_flag": 1,
        "change_message": "[{\"added\": {}}]"
    }
}, {
    "model": "admin.logentry",
    "pk": 136,
    "fields": {
        "action_time": "2022-02-13T16:20:26.558Z",
        "user": 1,
        "content_type": 14,
        "object_id": "34",
        "object_repr": "Sport Bottle",
        "action_flag": 2,
        "change_message": "[{\"changed\": {\"fields\": [\"Sku\"]}}]"
    }
}, {
    "model": "admin.logentry",
    "pk": 137,
    "fields": {
        "action_time": "2022-02-13T16:21:36.424Z",
        "user": 1,
        "content_type": 14,
        "object_id": "36",
        "object_repr": "Hat",
        "action_flag": 1,
        "change_message": "[{\"added\": {}}]"
    }
}, {
    "model": "admin.logentry",
    "pk": 138,
    "fields": {
        "action_time": "2022-02-13T16:22:49.338Z",
        "user": 1,
        "content_type": 14,
        "object_id": "37",
        "object_repr": "S'well bottle",
        "action_flag": 1,
        "change_message": "[{\"added\": {}}]"
    }
}, {
    "model": "admin.logentry",
    "pk": 139,
    "fields": {
        "action_time": "2022-02-13T16:23:51.285Z",
        "user": 1,
        "content_type": 14,
        "object_id": "38",
        "object_repr": "Zippered pouch The Carry-all",
        "action_flag": 1,
        "change_message": "[{\"added\": {}}]"
    }
}, {
    "model": "admin.logentry",
    "pk": 140,
    "fields": {
        "action_time": "2022-02-13T19:12:58.721Z",
        "user": 1,
        "content_type": 14,
        "object_id": "13",
        "object_repr": "Chromium",
        "action_flag": 2,
        "change_message": "[{\"changed\": {\"fields\": [\"Sku\"]}}]"
    }
}, {
    "model": "admin.logentry",
    "pk": 141,
    "fields": {
        "action_time": "2022-02-13T19:13:14.597Z",
        "user": 1,
        "content_type": 14,
        "object_id": "10",
        "object_repr": "Iron",
        "action_flag": 2,
        "change_message": "[{\"changed\": {\"fields\": [\"Sku\"]}}]"
    }
}, {
    "model": "admin.logentry",
    "pk": 142,
    "fields": {
        "action_time": "2022-02-13T19:13:27.222Z",
        "user": 1,
        "content_type": 14,
        "object_id": "11",
        "object_repr": "Magnesium",
        "action_flag": 2,
        "change_message": "[{\"changed\": {\"fields\": [\"Sku\"]}}]"
    }
}, {
    "model": "admin.logentry",
    "pk": 143,
    "fields": {
        "action_time": "2022-02-13T19:13:41.931Z",
        "user": 1,
        "content_type": 14,
        "object_id": "6",
        "object_repr": "Multivitamin + Iron",
        "action_flag": 2,
        "change_message": "[{\"changed\": {\"fields\": [\"Sku\"]}}]"
    }
}, {
    "model": "admin.logentry",
    "pk": 144,
    "fields": {
        "action_time": "2022-02-13T19:14:13.136Z",
        "user": 1,
        "content_type": 14,
        "object_id": "12",
        "object_repr": "Zinc",
        "action_flag": 2,
        "change_message": "[{\"changed\": {\"fields\": [\"Sku\"]}}]"
    }
}, {
    "model": "admin.logentry",
    "pk": 145,
    "fields": {
        "action_time": "2022-02-13T19:14:47.321Z",
        "user": 1,
        "content_type": 14,
        "object_id": "38",
        "object_repr": "Zippered pouch The Carry-all",
        "action_flag": 2,
        "change_message": "[{\"changed\": {\"fields\": [\"Sku\"]}}]"
    }
}, {
    "model": "admin.logentry",
    "pk": 146,
    "fields": {
        "action_time": "2022-02-13T19:15:02.114Z",
        "user": 1,
        "content_type": 14,
        "object_id": "33",
        "object_repr": "Blender Bottle",
        "action_flag": 2,
        "change_message": "[{\"changed\": {\"fields\": [\"Sku\"]}}]"
    }
}, {
    "model": "admin.logentry",
    "pk": 147,
    "fields": {
        "action_time": "2022-02-13T19:15:12.782Z",
        "user": 1,
        "content_type": 14,
        "object_id": "35",
        "object_repr": "Travel Tumbler",
        "action_flag": 2,
        "change_message": "[{\"changed\": {\"fields\": [\"Sku\"]}}]"
    }
}, {
    "model": "admin.logentry",
    "pk": 148,
    "fields": {
        "action_time": "2022-02-13T19:15:23.618Z",
        "user": 1,
        "content_type": 14,
        "object_id": "34",
        "object_repr": "Sport Bottle",
        "action_flag": 2,
        "change_message": "[{\"changed\": {\"fields\": [\"Sku\"]}}]"
    }
}, {
    "model": "admin.logentry",
    "pk": 149,
    "fields": {
        "action_time": "2022-02-13T19:15:32.519Z",
        "user": 1,
        "content_type": 14,
        "object_id": "36",
        "object_repr": "Hat",
        "action_flag": 2,
        "change_message": "[{\"changed\": {\"fields\": [\"Sku\"]}}]"
    }
}, {
    "model": "admin.logentry",
    "pk": 150,
    "fields": {
        "action_time": "2022-02-13T19:15:41.678Z",
        "user": 1,
        "content_type": 14,
        "object_id": "37",
        "object_repr": "S'well bottle",
        "action_flag": 2,
        "change_message": "[{\"changed\": {\"fields\": [\"Sku\"]}}]"
    }
}, {
    "model": "admin.logentry",
    "pk": 151,
    "fields": {
        "action_time": "2022-02-13T19:16:01.458Z",
        "user": 1,
        "content_type": 14,
        "object_id": "32",
        "object_repr": "Adaptogenic Mushrooms",
        "action_flag": 2,
        "change_message": "[{\"changed\": {\"fields\": [\"Sku\"]}}]"
    }
}, {
    "model": "admin.logentry",
    "pk": 152,
    "fields": {
        "action_time": "2022-02-13T19:16:09.807Z",
        "user": 1,
        "content_type": 14,
        "object_id": "29",
        "object_repr": "Fish Oil",
        "action_flag": 2,
        "change_message": "[{\"changed\": {\"fields\": [\"Sku\"]}}]"
    }
}, {
    "model": "admin.logentry",
    "pk": 153,
    "fields": {
        "action_time": "2022-02-13T19:16:19.640Z",
        "user": 1,
        "content_type": 14,
        "object_id": "31",
        "object_repr": "Astaxanthin",
        "action_flag": 2,
        "change_message": "[{\"changed\": {\"fields\": [\"Sku\"]}}]"
    }
}, {
    "model": "admin.logentry",
    "pk": 154,
    "fields": {
        "action_time": "2022-02-13T19:16:46.481Z",
        "user": 1,
        "content_type": 14,
        "object_id": "25",
        "object_repr": "Veggie Omega",
        "action_flag": 2,
        "change_message": "[{\"changed\": {\"fields\": [\"Sku\"]}}]"
    }
}, {
    "model": "admin.logentry",
    "pk": 155,
    "fields": {
        "action_time": "2022-02-13T19:16:56.169Z",
        "user": 1,
        "content_type": 14,
        "object_id": "30",
        "object_repr": "Ceramides",
        "action_flag": 2,
        "change_message": "[{\"changed\": {\"fields\": [\"Sku\"]}}]"
    }
}, {
    "model": "admin.logentry",
    "pk": 156,
    "fields": {
        "action_time": "2022-02-13T19:17:08.349Z",
        "user": 1,
        "content_type": 14,
        "object_id": "28",
        "object_repr": "Keratin",
        "action_flag": 2,
        "change_message": "[{\"changed\": {\"fields\": [\"Sku\"]}}]"
    }
}, {
    "model": "admin.logentry",
    "pk": 157,
    "fields": {
        "action_time": "2022-02-13T19:17:17.189Z",
        "user": 1,
        "content_type": 14,
        "object_id": "27",
        "object_repr": "Veg. Collagen: Skin",
        "action_flag": 2,
        "change_message": "[{\"changed\": {\"fields\": [\"Sku\"]}}]"
    }
}, {
    "model": "admin.logentry",
    "pk": 158,
    "fields": {
        "action_time": "2022-02-13T19:17:24.638Z",
        "user": 1,
        "content_type": 14,
        "object_id": "26",
        "object_repr": "Veg. Collagen: Joint",
        "action_flag": 2,
        "change_message": "[{\"changed\": {\"fields\": [\"Sku\"]}}]"
    }
}, {
    "model": "admin.logentry",
    "pk": 159,
    "fields": {
        "action_time": "2022-02-13T19:17:45.407Z",
        "user": 1,
        "content_type": 14,
        "object_id": "24",
        "object_repr": "Ashwagandha",
        "action_flag": 2,
        "change_message": "[{\"changed\": {\"fields\": [\"Sku\"]}}]"
    }
}, {
    "model": "admin.logentry",
    "pk": 160,
    "fields": {
        "action_time": "2022-02-13T19:18:00.803Z",
        "user": 1,
        "content_type": 14,
        "object_id": "21",
        "object_repr": "American Ginseng",
        "action_flag": 2,
        "change_message": "[{\"changed\": {\"fields\": [\"Sku\"]}}]"
    }
}, {
    "model": "admin.logentry",
    "pk": 161,
    "fields": {
        "action_time": "2022-02-13T19:18:10.003Z",
        "user": 1,
        "content_type": 14,
        "object_id": "20",
        "object_repr": "Elderberry",
        "action_flag": 2,
        "change_message": "[{\"changed\": {\"fields\": [\"Sku\"]}}]"
    }
}, {
    "model": "admin.logentry",
    "pk": 162,
    "fields": {
        "action_time": "2022-02-13T19:18:21.501Z",
        "user": 1,
        "content_type": 14,
        "object_id": "19",
        "object_repr": "Garlic",
        "action_flag": 2,
        "change_message": "[{\"changed\": {\"fields\": [\"Sku\"]}}]"
    }
}, {
    "model": "admin.logentry",
    "pk": 163,
    "fields": {
        "action_time": "2022-02-13T19:18:29.554Z",
        "user": 1,
        "content_type": 14,
        "object_id": "16",
        "object_repr": "Shatavari",
        "action_flag": 2,
        "change_message": "[{\"changed\": {\"fields\": [\"Sku\"]}}]"
    }
}, {
    "model": "admin.logentry",
    "pk": 164,
    "fields": {
        "action_time": "2022-02-13T19:18:37.933Z",
        "user": 1,
        "content_type": 14,
        "object_id": "18",
        "object_repr": "Milk Thistle",
        "action_flag": 2,
        "change_message": "[{\"changed\": {\"fields\": [\"Sku\"]}}]"
    }
}, {
    "model": "admin.logentry",
    "pk": 165,
    "fields": {
        "action_time": "2022-02-13T19:18:46.490Z",
        "user": 1,
        "content_type": 14,
        "object_id": "17",
        "object_repr": "Rhodiola",
        "action_flag": 2,
        "change_message": "[{\"changed\": {\"fields\": [\"Sku\"]}}]"
    }
}, {
    "model": "admin.logentry",
    "pk": 166,
    "fields": {
        "action_time": "2022-02-13T19:18:53.755Z",
        "user": 1,
        "content_type": 14,
        "object_id": "15",
        "object_repr": "Turmeric",
        "action_flag": 2,
        "change_message": "[{\"changed\": {\"fields\": [\"Sku\"]}}]"
    }
}, {
    "model": "admin.logentry",
    "pk": 167,
    "fields": {
        "action_time": "2022-02-13T19:19:01.854Z",
        "user": 1,
        "content_type": 14,
        "object_id": "14",
        "object_repr": "Cranberry",
        "action_flag": 2,
        "change_message": "[{\"changed\": {\"fields\": [\"Sku\"]}}]"
    }
}, {
    "model": "admin.logentry",
    "pk": 168,
    "fields": {
        "action_time": "2022-02-19T23:11:01.616Z",
        "user": 1,
        "content_type": 14,
        "object_id": "33",
        "object_repr": "Blender Bottle",
        "action_flag": 2,
        "change_message": "[{\"changed\": {\"fields\": [\"Quantity\"]}}]"
    }
}, {
    "model": "admin.logentry",
    "pk": 169,
    "fields": {
        "action_time": "2022-02-19T23:11:11.744Z",
        "user": 1,
        "content_type": 14,
        "object_id": "36",
        "object_repr": "Hat",
        "action_flag": 2,
        "change_message": "[{\"changed\": {\"fields\": [\"Quantity\"]}}]"
    }
}, {
    "model": "admin.logentry",
    "pk": 170,
    "fields": {
        "action_time": "2022-02-19T23:11:22.765Z",
        "user": 1,
        "content_type": 14,
        "object_id": "37",
        "object_repr": "S'well bottle",
        "action_flag": 2,
        "change_message": "[{\"changed\": {\"fields\": [\"Quantity\"]}}]"
    }
}, {
    "model": "admin.logentry",
    "pk": 171,
    "fields": {
        "action_time": "2022-02-19T23:11:33.253Z",
        "user": 1,
        "content_type": 14,
        "object_id": "34",
        "object_repr": "Sport Bottle",
        "action_flag": 2,
        "change_message": "[{\"changed\": {\"fields\": [\"Quantity\"]}}]"
    }
}, {
    "model": "admin.logentry",
    "pk": 172,
    "fields": {
        "action_time": "2022-02-19T23:11:39.925Z",
        "user": 1,
        "content_type": 14,
        "object_id": "35",
        "object_repr": "Travel Tumbler",
        "action_flag": 2,
        "change_message": "[{\"changed\": {\"fields\": [\"Quantity\"]}}]"
    }
}, {
    "model": "admin.logentry",
    "pk": 173,
    "fields": {
        "action_time": "2022-02-19T23:11:49.237Z",
        "user": 1,
        "content_type": 14,
        "object_id": "38",
        "object_repr": "Zippered pouch The Carry-all",
        "action_flag": 2,
        "change_message": "[{\"changed\": {\"fields\": [\"Quantity\"]}}]"
    }
}, {
    "model": "admin.logentry",
    "pk": 174,
    "fields": {
        "action_time": "2022-02-21T20:11:19.146Z",
        "user": 1,
        "content_type": 19,
        "object_id": "3",
        "object_repr": "512D2CCBB6BD478681BAA2C22C46413B",
        "action_flag": 2,
        "change_message": "[{\"deleted\": {\"name\": \"order line item\", \"object\": \"SKU PS0027 on order 512D2CCBB6BD478681BAA2C22C46413B\"}}]"
    }
}, {
    "model": "admin.logentry",
    "pk": 175,
    "fields": {
        "action_time": "2022-02-21T20:11:37.089Z",
        "user": 1,
        "content_type": 19,
        "object_id": "3",
        "object_repr": "512D2CCBB6BD478681BAA2C22C46413B",
        "action_flag": 3,
        "change_message": ""
    }
}, {
    "model": "admin.logentry",
    "pk": 176,
    "fields": {
        "action_time": "2022-02-21T20:22:23.028Z",
        "user": 1,
        "content_type": 19,
        "object_id": "4",
        "object_repr": "9BAD599BAB4F464981733A7871108504",
        "action_flag": 2,
        "change_message": "[{\"changed\": {\"name\": \"order line item\", \"object\": \"SKU PV0005 on order 9BAD599BAB4F464981733A7871108504\", \"fields\": [\"Quantity\"]}}]"
    }
}, {
    "model": "admin.logentry",
    "pk": 177,
    "fields": {
        "action_time": "2022-02-21T20:23:04.693Z",
        "user": 1,
        "content_type": 19,
        "object_id": "4",
        "object_repr": "9BAD599BAB4F464981733A7871108504",
        "action_flag": 2,
        "change_message": "[]"
    }
}, {
    "model": "admin.logentry",
    "pk": 178,
    "fields": {
        "action_time": "2022-02-21T20:23:16.291Z",
        "user": 1,
        "content_type": 19,
        "object_id": "2",
        "object_repr": "124674CB5603411C85290BCBCC657C98",
        "action_flag": 3,
        "change_message": ""
    }
}, {
    "model": "admin.logentry",
    "pk": 179,
    "fields": {
        "action_time": "2022-02-21T20:23:16.296Z",
        "user": 1,
        "content_type": 19,
        "object_id": "1",
        "object_repr": "948B7A1B19E6428CA0D805A0BE928468",
        "action_flag": 3,
        "change_message": ""
    }
}, {
    "model": "admin.logentry",
    "pk": 180,
    "fields": {
        "action_time": "2022-02-23T00:30:15.642Z",
        "user": 1,
        "content_type": 14,
        "object_id": "40",
        "object_repr": "test2",
        "action_flag": 3,
        "change_message": ""
    }
}, {
    "model": "admin.logentry",
    "pk": 181,
    "fields": {
        "action_time": "2022-02-23T00:30:15.645Z",
        "user": 1,
        "content_type": 14,
        "object_id": "39",
        "object_repr": "test",
        "action_flag": 3,
        "change_message": ""
    }
}]