[{
    "model": "products.category",
    "pk": 1,
    "fields": {
        "name": "vitamins",
        "friendly_name": "Vitamins"
    }
}, {
    "model": "products.category",
    "pk": 2,
    "fields": {
        "name": "minerals",
        "friendly_name": "Minerals"
    }
}, {
    "model": "products.category",
    "pk": 3,
    "fields": {
        "name": "plants",
        "friendly_name": "Plants"
    }
}, {
    "model": "products.category",
    "pk": 4,
    "fields": {
        "name": "specialities",
        "friendly_name": "Specialities"
    }
}, {
    "model": "products.category",
    "pk": 5,
    "fields": {
        "name": "merchandises",
        "friendly_name": "Merchandises"
    }
}, {
    "model": "products.healthgoal",
    "pk": 1,
    "fields": {
        "name": "immunity",
        "friendly_name": "Immunity"
    }
}, {
    "model": "products.healthgoal",
    "pk": 2,
    "fields": {
        "name": "brain",
        "friendly_name": "Brain"
    }
}, {
    "model": "products.healthgoal",
    "pk": 3,
    "fields": {
        "name": "energy",
        "friendly_name": "Energy"
    }
}, {
    "model": "products.healthgoal",
    "pk": 4,
    "fields": {
        "name": "eyes",
        "friendly_name": "Eyes"
    }
}, {
    "model": "products.healthgoal",
    "pk": 5,
    "fields": {
        "name": "sleep",
        "friendly_name": "Sleep"
    }
}, {
    "model": "products.healthgoal",
    "pk": 6,
    "fields": {
        "name": "stress",
        "friendly_name": "Stress"
    }
}, {
    "model": "products.healthgoal",
    "pk": 7,
    "fields": {
        "name": "heart",
        "friendly_name": "Heart"
    }
}, {
    "model": "products.healthgoal",
    "pk": 8,
    "fields": {
        "name": "joints",
        "friendly_name": "Joints"
    }
}, {
    "model": "products.healthgoal",
    "pk": 9,
    "fields": {
        "name": "skin",
        "friendly_name": "Skin"
    }
}, {
    "model": "products.healthgoal",
    "pk": 10,
    "fields": {
        "name": "hair",
        "friendly_name": "Hair"
    }
}, {
    "model": "products.healthgoal",
    "pk": 11,
    "fields": {
        "name": "digestion",
        "friendly_name": "Digestion"
    }
}, {
    "model": "products.healthgoal",
    "pk": 12,
    "fields": {
        "name": "bones",
        "friendly_name": "Bones"
    }
}, {
    "model": "products.healthgoal",
    "pk": 13,
    "fields": {
        "name": "shape",
        "friendly_name": "Shape"
    }
}, {
    "model": "products.package",
    "pk": 2,
    "fields": {
        "name": "men_health",
        "friendly_name": "Men's Health"
    }
}, {
    "model": "products.package",
    "pk": 3,
    "fields": {
        "name": "kids_health",
        "friendly_name": "Kids Health"
    }
}, {
    "model": "products.package",
    "pk": 4,
    "fields": {
        "name": "teens_health",
        "friendly_name": "Teens Health"
    }
}, {
    "model": "products.package",
    "pk": 5,
    "fields": {
        "name": "seniors_health",
        "friendly_name": "Seniors Health"
    }
}, {
    "model": "products.product",
    "pk": 1,
    "fields": {
        "category": 1,
        "package": null,
        "sku": "PV0001",
        "name": "B Complex",
        "description_benefits": "\u2022 Support the nervous system\r\n\u2022 Promote the energy metabolism\r\n\u2022  Help reduce fatigue\r\n\u2022  Contributes to the maintenance of normal hair\r\n\u2022  Beneficial for vegans and vegetarians",
        "quantity": "1 tablet per day",
        "price": "12.00",
        "image": "product_b_complex.png"
    }
}, {
    "model": "products.product",
    "pk": 2,
    "fields": {
        "category": 1,
        "package": null,
        "sku": "PV0002",
        "name": "Vitamin B12",
        "description_benefits": "\u2022 Support cognitive and nervous system health\r\n\u2022 Helps reduce fatigue\r\n\u2022 Highly recommended for vegetarians or vegans",
        "quantity": "1 capsule per day",
        "price": "6.00",
        "image": "product_vitamin_B12.png"
    }
}, {
    "model": "products.product",
    "pk": 3,
    "fields": {
        "category": 1,
        "package": null,
        "sku": "PV0003",
        "name": "Vitamin C",
        "description_benefits": "\u2022 Helps maintain a healthy immune system\r\n\u2022 Easy to digest\r\n\u2022 Formulated for absorption",
        "quantity": "1 capsule per day",
        "price": "5.00",
        "image": "product_vitamin_C.png"
    }
}, {
    "model": "products.product",
    "pk": 4,
    "fields": {
        "category": 1,
        "package": null,
        "sku": "PV0004",
        "name": "Vitamin D",
        "description_benefits": "\u2022 Supports calcium absorption and bone health\r\n\u2022 Helps regulate immune cells*\r\n\u2022 Easy to digest-immune health",
        "quantity": "1 capsule per day",
        "price": "7.00",
        "image": "product_vitamin_D.png"
    }
}, {
    "model": "products.product",
    "pk": 5,
    "fields": {
        "category": 1,
        "package": null,
        "sku": "PV0005",
        "name": "Vegan D",
        "description_benefits": "\u2022 Supports calcium absorption and bone health\r\n\u2022 A vegan source of vitamin D3\r\n\u2022 Helps regulate immune cells\r\n\u2022 Sustainably sourced from algae",
        "quantity": "1 capsule a day",
        "price": "9.00",
        "image": "product_vitamin_VeganD.png"
    }
}, {
    "model": "products.product",
    "pk": 6,
    "fields": {
        "category": 2,
        "package": null,
        "sku": "PM0006",
        "name": "Multivitamin + Iron",
        "description_benefits": "\u2022 Contains iron, essential for people who menstruate\r\n\u2022 Fills real dietary gaps\r\n\u2022 Better, not more, ingredients in easily digestible forms\r\n\u2022 Designed with the latest research to be effective",
        "quantity": "1 tablet per day",
        "price": "15.00",
        "image": "product_vitamin_MultivitaminIron.png"
    }
}, {
    "model": "products.product",
    "pk": 7,
    "fields": {
        "category": 1,
        "package": null,
        "sku": "PV0007",
        "name": "Multivitamin",
        "description_benefits": "\u2022 Fills real dietary gaps\r\n\u2022 Better, not more, ingredients in easily digestible forms\r\n\u2022 Designed with the latest research to be effective",
        "quantity": "1 tablet per day",
        "price": "15.00",
        "image": "product_vitamin_Multivitamin.png"
    }
}, {
    "model": "products.product",
    "pk": 8,
    "fields": {
        "category": 1,
        "package": null,
        "sku": "PV0008",
        "name": "Prenatal",
        "description_benefits": "\u2022 Contains 22 essential nutrients\r\n\u2022 Includes superior forms of nutrients, like methylfolate\r\n\u2022Thoughtful quantities of ingredients like vitamin D3\r\n\u2022Designed for easy digestion\r\n\r\n\u2022Our prenatal vitamin includes 22 (!) essential nutrients for both mom and baby",
        "quantity": "3 tablets per day",
        "price": "19.00",
        "image": "product_vitamin_Prenatal.png"
    }
}, {
    "model": "products.product",
    "pk": 9,
    "fields": {
        "category": 1,
        "package": null,
        "sku": "PV0009",
        "name": "K2",
        "description_benefits": "\u2022 Natural and patented MenaQ7\u00ae shape\r\n\u2022 Highly bioavailable\r\n\u2022 Preserves bone health\r\n\u2022 Contributes to normal blood clotting",
        "quantity": "1 tablet per day",
        "price": "15.00",
        "image": "product_vitamin_K2.png"
    }
}, {
    "model": "products.product",
    "pk": 10,
    "fields": {
        "category": 2,
        "package": null,
        "sku": "PM0010",
        "name": "Iron",
        "description_benefits": "\u2022 Critical for red blood cell production\r\n\u2022 Formulated with vitamin C for optimal absorption\r\n\u2022 Essential mineral for people who menstruate or are pregnant\r\n\u2022 Vegan friendly",
        "quantity": "1 tablet per day",
        "price": "7.00",
        "image": "product_mineral_iron.png"
    }
}, {
    "model": "products.product",
    "pk": 11,
    "fields": {
        "category": 2,
        "package": null,
        "sku": "PM0011",
        "name": "Magnesium",
        "description_benefits": "\u2022 From Irish seawater\r\n\u2022 Includes 72 trace minerals\r\n\u2022 High solubility\r\n\u2022 Essential mineral for over 300 reactions in the body",
        "quantity": "1 tablet per day",
        "price": "5.00",
        "image": "product_mineral_magnesium.png"
    }
}, {
    "model": "products.product",
    "pk": 12,
    "fields": {
        "category": 2,
        "package": null,
        "sku": "PM0012",
        "name": "Zinc",
        "description_benefits": "\u2022 Blend of zinc and copper compounds for mineral balance\r\n\u2022 Essential mineral for immune health and digestion*\r\n\u2022 Supports a vegan diet",
        "quantity": "1 tablet per day",
        "price": "7.00",
        "image": "product_mineral_zinc.png"
    }
}, {
    "model": "products.product",
    "pk": 13,
    "fields": {
        "category": 2,
        "package": null,
        "sku": "PM0013",
        "name": "Chromium",
        "description_benefits": "\u2022 Highly bioavailable form: Picolinate\r\n\u2022 Optimal dosage of 185 \u00b5g\r\n\u2022 Helps maintain normal blood sugar levels\r\n\u2022 Contributes to the normal metabolism of sugars and fats",
        "quantity": "1 capsule per day",
        "price": "6.00",
        "image": "product_mineral_chromium.png"
    }
}, {
    "model": "products.product",
    "pk": 14,
    "fields": {
        "category": 3,
        "package": null,
        "sku": "PP0014",
        "name": "Cranberry",
        "description_benefits": "\u2022 Supports urinary tract health*\r\n\u2022 Sourced in the US and Canada\r\n\u2022 High concentration extract",
        "quantity": "2 tablets per day",
        "price": "9.00",
        "image": "product_plant_Cranberry.png"
    }
}, {
    "model": "products.product",
    "pk": 15,
    "fields": {
        "category": 3,
        "package": null,
        "sku": "PP0015",
        "name": "Turmeric",
        "description_benefits": "\u2022 Ayurvedic herb\r\n\u2022 From India & select other countries\r\n\u2022 Full spectrum of the root\r\n\u2022 Gentle, dual extract creates ideal active ingredient balance",
        "quantity": "1 tablet per day",
        "price": "8.00",
        "image": "product_plant_Turmeric.png"
    }
}, {
    "model": "products.product",
    "pk": 16,
    "fields": {
        "category": 3,
        "package": null,
        "sku": "PP0016",
        "name": "Shatavari",
        "description_benefits": "\u2022 Ayurvedic, adaptogenic herb\r\n\u2022 Sustainably grown in India\r\n\u2022 Helps with hormonal breakouts*\r\n\u2022 Helps with common symptoms of PMS*",
        "quantity": "1 tablet per day",
        "price": "9.00",
        "image": "product_plant_Shatavari.png"
    }
}, {
    "model": "products.product",
    "pk": 17,
    "fields": {
        "category": 3,
        "package": null,
        "sku": "PP0018",
        "name": "Rhodiola",
        "description_benefits": "\u2022 Adaptogenic herb\r\n\u2022 Non-GMO, water, and ethanol extraction\r\n\u2022 A favorite of cosmonauts\r\n\u2022 Supports a healthy response to occasional stress",
        "quantity": "1 tablet per day",
        "price": "11.00",
        "image": "product_plant_Rhodiola.png"
    }
}, {
    "model": "products.product",
    "pk": 18,
    "fields": {
        "category": 3,
        "package": null,
        "sku": "PP0017",
        "name": "Milk Thistle",
        "description_benefits": "\u2022 Powerful antioxidant properties\r\n\u2022 Harvested across Europe\r\n\u2022 Gently extracted in Spain\r\n\u2022 Supports healthy liver function",
        "quantity": "2 tablets per day",
        "price": "9.00",
        "image": "product_plant_MilkThistle.png"
    }
}, {
    "model": "products.product",
    "pk": 19,
    "fields": {
        "category": 3,
        "package": null,
        "sku": "PP0019",
        "name": "Garlic",
        "description_benefits": "\u2022 Garlic oil extract\r\n\u2022 Manufactured in the United States\r\n\u2022 Garlic has antioxidant properties that help the immune system",
        "quantity": "1 tablet per day",
        "price": "8.00",
        "image": "product_plant_Garlic.png"
    }
}, {
    "model": "products.product",
    "pk": 20,
    "fields": {
        "category": 3,
        "package": null,
        "sku": "PP0020",
        "name": "Elderberry",
        "description_benefits": "\u2022 Promotes healthy immune function*\r\n\u2022 Powerful antioxidant properties\r\n\u2022 Sourced from European Haschberg elderberries",
        "quantity": "1 tablet per day",
        "price": "8.01",
        "image": "product_plant_Elderberry.png"
    }
}, {
    "model": "products.product",
    "pk": 21,
    "fields": {
        "category": 3,
        "package": null,
        "sku": "PP0021",
        "name": "American Ginseng",
        "description_benefits": "\u2022 Adaptogenic herb\r\n\u2022 Traditionally used by Native American tribes\r\n\u2022 Sustainably sourced from small scale farms\r\n\u2022 Supports focus, memory, and mental energy",
        "quantity": "1 tablet per day",
        "price": "9.00",
        "image": "product_plant_American_Ginseng.png"
    }
}, {
    "model": "products.product",
    "pk": 24,
    "fields": {
        "category": 3,
        "package": null,
        "sku": "PP0022",
        "name": "Ashwagandha",
        "description_benefits": "\u2022 Helps relieve occasional stress and tension*\r\n\u2022 Supports sexual wellness*\r\n\u2022 Adaptogenic herb\r\n\u2022 Harvested in India",
        "quantity": "3 tablets per day",
        "price": "10.00",
        "image": "product_plant_Ashwagandha.png"
    }
}, {
    "model": "products.product",
    "pk": 25,
    "fields": {
        "category": 4,
        "package": null,
        "sku": "PS0023",
        "name": "Veggie Omega",
        "description_benefits": "\u2022 540 mg EPA and DHA\r\n\u2022 Vegan source of omega-3 fatty acids\r\n\u2022 Sustainably sourced\r\n\u2022 Helps maintain a healthy heart",
        "quantity": "2 tablets per day",
        "price": "18.00",
        "image": "product_specialty_VeggieOmega.png"
    }
}, {
    "model": "products.product",
    "pk": 26,
    "fields": {
        "category": 4,
        "package": null,
        "sku": "PS0024",
        "name": "Veg. Collagen: Joint",
        "description_benefits": "\u2022 Joint comfort in 7-10 days\r\n\u2022 Promotes joint mobility\r\n\u2022 Promotes healthy cartilage & joint flexibility\r\n\u2022 Sustainably sourced from eggshells",
        "quantity": "3 tablets per day",
        "price": "16.00",
        "image": "product_specialty_Veg.Collagen.Joint.PNG"
    }
}, {
    "model": "products.product",
    "pk": 27,
    "fields": {
        "category": 4,
        "package": null,
        "sku": "PS0025",
        "name": "Veg. Collagen: Skin",
        "description_benefits": "\u2022 Contains collagen and hyaluronic acid\r\n\u2022 Supports skin hydration and elasticity*\r\n\u2022 Helps stimulate hair and nail growth*\r\n\u2022 Made from eggshell membranes",
        "quantity": "3 tablets per day",
        "price": "15.00",
        "image": "product_specialty_Veg.Collagen.Skin.PNG"
    }
}, {
    "model": "products.product",
    "pk": 28,
    "fields": {
        "category": 4,
        "package": null,
        "sku": "PS0026",
        "name": "Keratin",
        "description_benefits": "\u2022 Essential protein for hair, skin, and nails\r\n\u2022 Supports hair fullness and shine*\r\n\u2022 Supports nail strength*\r\n\u2022 Extracted from New Zealand wool",
        "quantity": "1 tablet per day",
        "price": "18.00",
        "image": "product_specialty_Keratin.png"
    }
}, {
    "model": "products.product",
    "pk": 29,
    "fields": {
        "category": 4,
        "package": null,
        "sku": "PS0027",
        "name": "Fish Oil",
        "description_benefits": "\u2022 From wild Alaskan salmon\r\n\u2022 Sustainably sourced\r\n\u2022 Cold press extraction for efficacy\r\n\u2022 Supports heart health",
        "quantity": "1 tablet per day",
        "price": "18.00",
        "image": "product_specialty_Fishoil.png"
    }
}, {
    "model": "products.product",
    "pk": 30,
    "fields": {
        "category": 4,
        "package": null,
        "sku": "PS0028",
        "name": "Ceramides",
        "description_benefits": "\u2022 Helps reinforce skin\u2019s protective barrier\r\n\u2022 Supports skin hydration and firmness\r\n\u2022 Helps support even skin tone and reduce hyperpigmentation",
        "quantity": "1 tablet per day",
        "price": "14.00",
        "image": "product_specialty_Ceramides.png"
    }
}, {
    "model": "products.product",
    "pk": 31,
    "fields": {
        "category": 4,
        "package": null,
        "sku": "PS0029",
        "name": "Astaxanthin",
        "description_benefits": "\u2022 Vegan source of astaxanthin from algae\r\n\u2022 Highest concentration available\r\n\u2022 No harsh chemicals or solvents\r\n\u2022 Supports brain, heart, skin, and eye health*\r\n\u2022 Helps with athletic performance and recovery",
        "quantity": "2 tablets per day",
        "price": "12.00",
        "image": "product_specialty_Astaxanthin.png"
    }
}, {
    "model": "products.product",
    "pk": 32,
    "fields": {
        "category": 4,
        "package": null,
        "sku": "PS0030",
        "name": "Adaptogenic Mushrooms",
        "description_benefits": "\u2022 Organic reishi, shiitake, and maitake mushrooms\r\n\u2022 Adaptogenic properties\r\n\u2022 Supports a healthy immune system*\r\n\u2022 Grown deep in the Fengyang mountains in China",
        "quantity": "1 tablet per day",
        "price": "8.00",
        "image": "product_specialty_AdaptogenicMushrooms.png"
    }
}, {
    "model": "products.product",
    "pk": 33,
    "fields": {
        "category": 5,
        "package": null,
        "sku": "PME0031",
        "name": "Blender Bottle",
        "description_benefits": "\u2022 Blends your powders into a smooth drink\r\n\u2022 Great for on-the-go\r\n\u2022 Easy to clean\r\n\u2022 Holds 20 oz.",
        "quantity": "1 article",
        "price": "10.00",
        "image": "product_merchandaise_Blenderbottle.png"
    }
}, {
    "model": "products.product",
    "pk": 34,
    "fields": {
        "category": 5,
        "package": null,
        "sku": "PME0033",
        "name": "Sport Bottle",
        "description_benefits": "\u2022 Blends your powders into a smooth drink\r\n\u2022 Great for on-the-go\r\n\u2022 Easy to clean\r\n\u2022 Holds 20 oz.",
        "quantity": "1 article",
        "price": "12.00",
        "image": "product_merchandaise_Blenderbottle2.png"
    }
}, {
    "model": "products.product",
    "pk": 35,
    "fields": {
        "category": 5,
        "package": null,
        "sku": "PME0032",
        "name": "Travel Tumbler",
        "description_benefits": "\u2022 Great for hot or cold drinks\r\n\u2022 Easy to take on the go\r\n\u2022 BPA free\r\n\u2022 Holds 12 oz.",
        "quantity": "1 article",
        "price": "20.00",
        "image": "product_merchandaise_TravelTumbler.png"
    }
}, {
    "model": "products.product",
    "pk": 36,
    "fields": {
        "category": 5,
        "package": null,
        "sku": "PME0034",
        "name": "Hat",
        "description_benefits": "\u2022 Made from corduroy\r\n\u2022 Sun protection is key\r\n\u2022 One-size-fits-all with an adjustable strap",
        "quantity": "1 article",
        "price": "20.00",
        "image": "product_merchandaise_Hat.png"
    }
}, {
    "model": "products.product",
    "pk": 37,
    "fields": {
        "category": 5,
        "package": null,
        "sku": "PME0035",
        "name": "S'well bottle",
        "description_benefits": "\u2022 Great for hot or cold drinks\r\n\u2022 Easy to take on-the-go\r\n\u2022 BPA-Free and reusable\r\n\u2022 Holds 17 oz.",
        "quantity": "1 article",
        "price": "14.00",
        "image": "product_merchandaise_Bottle.png"
    }
}, {
    "model": "products.product",
    "pk": 38,
    "fields": {
        "category": 5,
        "package": null,
        "sku": "PME0036",
        "name": "Zippered pouch The Carry-all",
        "description_benefits": "\u2022 Easy to take on-the-go\r\n\u2022 Great for storing your vitamin packs (or anything else!)\r\n\u2022 Reusable",
        "quantity": "1 article",
        "price": "15.00",
        "image": "product_merchandaise_Zipperedpouch.png"
    }
}]